/*
 Navicat Premium Data Transfer

 Source Server         : MS SQL Server
 Source Server Type    : SQL Server
 Source Server Version : 15002000
 Source Host           : localhost:1433
 Source Catalog        : CLINOTAG
 Source Schema         : dbo

 Target Server Type    : SQL Server
 Target Server Version : 15002000
 File Encoding         : 65001

 Date: 15/04/2023 01:29:43
*/


-- ----------------------------
-- Table structure for AGENT
-- ----------------------------
IF EXISTS (SELECT * FROM sys.all_objects WHERE object_id = OBJECT_ID(N'[dbo].[AGENT]') AND type IN ('U'))
	DROP TABLE [dbo].[AGENT]
GO

CREATE TABLE [dbo].[AGENT] (
  [ID_AGENT] int  IDENTITY(1,1) NOT NULL,
  [NOM] nvarchar(100) COLLATE French_CI_AS  NOT NULL,
  [CODE] char(5) COLLATE French_CI_AS  NOT NULL
)
GO

ALTER TABLE [dbo].[AGENT] SET (LOCK_ESCALATION = TABLE)
GO


-- ----------------------------
-- Records of AGENT
-- ----------------------------
SET IDENTITY_INSERT [dbo].[AGENT] ON
GO

INSERT INTO [dbo].[AGENT] ([ID_AGENT], [NOM], [CODE]) VALUES (N'1', N'John Doe', N'12333')
GO

INSERT INTO [dbo].[AGENT] ([ID_AGENT], [NOM], [CODE]) VALUES (N'2', N'Jane Dae', N'12777')
GO

INSERT INTO [dbo].[AGENT] ([ID_AGENT], [NOM], [CODE]) VALUES (N'5', N'Aude Javel', N'66666')
GO

SET IDENTITY_INSERT [dbo].[AGENT] OFF
GO


-- ----------------------------
-- Table structure for CLIENT
-- ----------------------------
IF EXISTS (SELECT * FROM sys.all_objects WHERE object_id = OBJECT_ID(N'[dbo].[CLIENT]') AND type IN ('U'))
	DROP TABLE [dbo].[CLIENT]
GO

CREATE TABLE [dbo].[CLIENT] (
  [ID_CLIENT] int  IDENTITY(1,1) NOT NULL,
  [NOM] nvarchar(100) COLLATE French_CI_AS  NOT NULL
)
GO

ALTER TABLE [dbo].[CLIENT] SET (LOCK_ESCALATION = TABLE)
GO


-- ----------------------------
-- Records of CLIENT
-- ----------------------------
SET IDENTITY_INSERT [dbo].[CLIENT] ON
GO

INSERT INTO [dbo].[CLIENT] ([ID_CLIENT], [NOM]) VALUES (N'1', N'SLN')
GO

INSERT INTO [dbo].[CLIENT] ([ID_CLIENT], [NOM]) VALUES (N'2', N'OPT')
GO

INSERT INTO [dbo].[CLIENT] ([ID_CLIENT], [NOM]) VALUES (N'3', N'Le Froid')
GO

INSERT INTO [dbo].[CLIENT] ([ID_CLIENT], [NOM]) VALUES (N'4', N'Enercal')
GO

INSERT INTO [dbo].[CLIENT] ([ID_CLIENT], [NOM]) VALUES (N'5', N'CHS')
GO

INSERT INTO [dbo].[CLIENT] ([ID_CLIENT], [NOM]) VALUES (N'6', N'CH101#TWIN#105')
GO

INSERT INTO [dbo].[CLIENT] ([ID_CLIENT], [NOM]) VALUES (N'7', N'CH102#SGL#75')
GO

INSERT INTO [dbo].[CLIENT] ([ID_CLIENT], [NOM]) VALUES (N'8', N'CH103#TRIPLE#155')
GO

INSERT INTO [dbo].[CLIENT] ([ID_CLIENT], [NOM]) VALUES (N'9', N'CH104#SUITE#400')
GO

SET IDENTITY_INSERT [dbo].[CLIENT] OFF
GO


-- ----------------------------
-- Table structure for LIEU
-- ----------------------------
IF EXISTS (SELECT * FROM sys.all_objects WHERE object_id = OBJECT_ID(N'[dbo].[LIEU]') AND type IN ('U'))
	DROP TABLE [dbo].[LIEU]
GO

CREATE TABLE [dbo].[LIEU] (
  [ID_LIEU] int  IDENTITY(1,1) NOT NULL,
  [NOM] nvarchar(100) COLLATE French_CI_AS  NOT NULL,
  [ID_CLIENT] int  NOT NULL,
  [UID_TAG] nvarchar(50) COLLATE French_CI_AS  NOT NULL
)
GO

ALTER TABLE [dbo].[LIEU] SET (LOCK_ESCALATION = TABLE)
GO


-- ----------------------------
-- Records of LIEU
-- ----------------------------
SET IDENTITY_INSERT [dbo].[LIEU] ON
GO

INSERT INTO [dbo].[LIEU] ([ID_LIEU], [NOM], [ID_CLIENT], [UID_TAG]) VALUES (N'1', N'Salle B12#Salle de réunion', N'1', N'GHYSKJDLDSMAZP-9')
GO

INSERT INTO [dbo].[LIEU] ([ID_LIEU], [NOM], [ID_CLIENT], [UID_TAG]) VALUES (N'2', N'Salle Tetra#Salle de réunion ', N'2', N'0452281ACA4881')
GO

INSERT INTO [dbo].[LIEU] ([ID_LIEU], [NOM], [ID_CLIENT], [UID_TAG]) VALUES (N'3', N'Salle Coca Cola#Bureau Open space', N'3', N'456978555')
GO

INSERT INTO [dbo].[LIEU] ([ID_LIEU], [NOM], [ID_CLIENT], [UID_TAG]) VALUES (N'4', N'Salle Ampère#Salle de réunion', N'4', N'AMP44')
GO

INSERT INTO [dbo].[LIEU] ([ID_LIEU], [NOM], [ID_CLIENT], [UID_TAG]) VALUES (N'5', N'Tesla#Bureau Direction', N'4', N'GHYSKJDLDSMAZP-0')
GO

INSERT INTO [dbo].[LIEU] ([ID_LIEU], [NOM], [ID_CLIENT], [UID_TAG]) VALUES (N'6', N'Orangina Rouge#Bureau Open Space', N'3', N'GHYSKJDLDSMAZP-8')
GO

INSERT INTO [dbo].[LIEU] ([ID_LIEU], [NOM], [ID_CLIENT], [UID_TAG]) VALUES (N'7', N'Mobilis Room#Bureau Open Space', N'2', N'GHYSKJDLDSMAZP-10')
GO

INSERT INTO [dbo].[LIEU] ([ID_LIEU], [NOM], [ID_CLIENT], [UID_TAG]) VALUES (N'9', N'Pepsi#Salle de réunion', N'3', N'4747DFC3')
GO

INSERT INTO [dbo].[LIEU] ([ID_LIEU], [NOM], [ID_CLIENT], [UID_TAG]) VALUES (N'10', N'wc domaine nc #Toilettes ', N'2', N'5357512E017240')
GO

INSERT INTO [dbo].[LIEU] ([ID_LIEU], [NOM], [ID_CLIENT], [UID_TAG]) VALUES (N'11', N'refectoire#salle a manger', N'1', N'53FE5000013B40')
GO

INSERT INTO [dbo].[LIEU] ([ID_LIEU], [NOM], [ID_CLIENT], [UID_TAG]) VALUES (N'12', N'usine poste controle#Usine', N'3', N'53AF5120014440')
GO

INSERT INTO [dbo].[LIEU] ([ID_LIEU], [NOM], [ID_CLIENT], [UID_TAG]) VALUES (N'13', N'dock doniambo#Usine', N'4', N'533F102801DB40')
GO

INSERT INTO [dbo].[LIEU] ([ID_LIEU], [NOM], [ID_CLIENT], [UID_TAG]) VALUES (N'14', N'Toilettes seches ext 0002#Toilettes', N'1', N'6BE54BA6')
GO

INSERT INTO [dbo].[LIEU] ([ID_LIEU], [NOM], [ID_CLIENT], [UID_TAG]) VALUES (N'16', N'Chambre 120#Bâtiment A', N'5', N'CHSCH110')
GO

INSERT INTO [dbo].[LIEU] ([ID_LIEU], [NOM], [ID_CLIENT], [UID_TAG]) VALUES (N'17', N'Chambre 111#Bâtiment A', N'5', N'CHCCH111')
GO

INSERT INTO [dbo].[LIEU] ([ID_LIEU], [NOM], [ID_CLIENT], [UID_TAG]) VALUES (N'18', N'Chambre 112#Bâtiment A', N'5', N'CHSCH11')
GO

INSERT INTO [dbo].[LIEU] ([ID_LIEU], [NOM], [ID_CLIENT], [UID_TAG]) VALUES (N'19', N'Chambre 113#Bâtiment A', N'5', N'CHSCH113')
GO

INSERT INTO [dbo].[LIEU] ([ID_LIEU], [NOM], [ID_CLIENT], [UID_TAG]) VALUES (N'20', N'Chambre 114#Bâtiment A', N'5', N'CHSCG114')
GO

INSERT INTO [dbo].[LIEU] ([ID_LIEU], [NOM], [ID_CLIENT], [UID_TAG]) VALUES (N'21', N'Chambre 115#Bâtiment A', N'5', N'CHSCH115')
GO

INSERT INTO [dbo].[LIEU] ([ID_LIEU], [NOM], [ID_CLIENT], [UID_TAG]) VALUES (N'22', N'Consultation pédopsychiatrie#Bâtiment B', N'5', N'CHSSAC001')
GO

INSERT INTO [dbo].[LIEU] ([ID_LIEU], [NOM], [ID_CLIENT], [UID_TAG]) VALUES (N'23', N'Salle de pause infirmières #Bâtiment B', N'5', N'CHSSAPIN001')
GO

INSERT INTO [dbo].[LIEU] ([ID_LIEU], [NOM], [ID_CLIENT], [UID_TAG]) VALUES (N'24', N'Bibliothèque résident#Bâtiment C', N'5', N'CHSBIB00')
GO

INSERT INTO [dbo].[LIEU] ([ID_LIEU], [NOM], [ID_CLIENT], [UID_TAG]) VALUES (N'25', N'Réfectoire#Bâtiment C', N'5', N'CHSREF')
GO

INSERT INTO [dbo].[LIEU] ([ID_LIEU], [NOM], [ID_CLIENT], [UID_TAG]) VALUES (N'26', N'Cuisine#Bâtiment C', N'5', N'CHSCUIS')
GO

INSERT INTO [dbo].[LIEU] ([ID_LIEU], [NOM], [ID_CLIENT], [UID_TAG]) VALUES (N'27', N'Chambre 116#Bâtiment A', N'5', N'chsch109')
GO

INSERT INTO [dbo].[LIEU] ([ID_LIEU], [NOM], [ID_CLIENT], [UID_TAG]) VALUES (N'28', N'Chambre 119#Bâtiment A', N'5', N'CHSCH119')
GO

INSERT INTO [dbo].[LIEU] ([ID_LIEU], [NOM], [ID_CLIENT], [UID_TAG]) VALUES (N'29', N'Chambre 117#Bâtiment A', N'5', N'CHSCH117')
GO

INSERT INTO [dbo].[LIEU] ([ID_LIEU], [NOM], [ID_CLIENT], [UID_TAG]) VALUES (N'30', N'Chambre 118#Bâtiment A', N'5', N'CHSCH118')
GO

INSERT INTO [dbo].[LIEU] ([ID_LIEU], [NOM], [ID_CLIENT], [UID_TAG]) VALUES (N'31', N'Chambre 119#Bâtiment A', N'5', N'CHS')
GO

INSERT INTO [dbo].[LIEU] ([ID_LIEU], [NOM], [ID_CLIENT], [UID_TAG]) VALUES (N'32', N'Local poubelles#Bâtiment C', N'5', N'CHSLCPBBB')
GO

INSERT INTO [dbo].[LIEU] ([ID_LIEU], [NOM], [ID_CLIENT], [UID_TAG]) VALUES (N'33', N'Sanitaires hommes#Bâtiment C', N'5', N'SANPBH')
GO

INSERT INTO [dbo].[LIEU] ([ID_LIEU], [NOM], [ID_CLIENT], [UID_TAG]) VALUES (N'34', N'Sanitaires femmes#Bâtiment C', N'5', N'SANPBF')
GO

INSERT INTO [dbo].[LIEU] ([ID_LIEU], [NOM], [ID_CLIENT], [UID_TAG]) VALUES (N'35', N'Consultation psychiatrie générale#Bâtiment B', N'5', N'CPCHS')
GO

INSERT INTO [dbo].[LIEU] ([ID_LIEU], [NOM], [ID_CLIENT], [UID_TAG]) VALUES (N'36', N'Consultation gériatrique#Bâtiment B', N'5', N'GERCHS')
GO

INSERT INTO [dbo].[LIEU] ([ID_LIEU], [NOM], [ID_CLIENT], [UID_TAG]) VALUES (N'37', N'Accueil #Bâtiment B', N'5', N'ACCURCHS')
GO

INSERT INTO [dbo].[LIEU] ([ID_LIEU], [NOM], [ID_CLIENT], [UID_TAG]) VALUES (N'38', N'Salle d''attente#Bâtiment B', N'5', N'SALATCH')
GO

INSERT INTO [dbo].[LIEU] ([ID_LIEU], [NOM], [ID_CLIENT], [UID_TAG]) VALUES (N'39', N'Consultation Alzheimer#Bâtiment B', N'5', N'ALZCHS')
GO

INSERT INTO [dbo].[LIEU] ([ID_LIEU], [NOM], [ID_CLIENT], [UID_TAG]) VALUES (N'40', N'Pharmacie#Bâtiment B', N'5', N'PHCHS')
GO

INSERT INTO [dbo].[LIEU] ([ID_LIEU], [NOM], [ID_CLIENT], [UID_TAG]) VALUES (N'41', N'Salle TV#Bâtiment C', N'5', N'TVCHS')
GO

INSERT INTO [dbo].[LIEU] ([ID_LIEU], [NOM], [ID_CLIENT], [UID_TAG]) VALUES (N'42', N'Salle de jeux#Bâtiment C', N'5', N'SAJCHS')
GO

INSERT INTO [dbo].[LIEU] ([ID_LIEU], [NOM], [ID_CLIENT], [UID_TAG]) VALUES (N'43', N'Salle consultation résident#Bâtiment C', N'5', N'SACRCHS')
GO

INSERT INTO [dbo].[LIEU] ([ID_LIEU], [NOM], [ID_CLIENT], [UID_TAG]) VALUES (N'44', N'Chambre isolement 01#Bâtiment C', N'5', N'CHISCHS1')
GO

INSERT INTO [dbo].[LIEU] ([ID_LIEU], [NOM], [ID_CLIENT], [UID_TAG]) VALUES (N'45', N'Chambre isolement 02#Bâtiment C', N'5', N'CHSIS02')
GO

INSERT INTO [dbo].[LIEU] ([ID_LIEU], [NOM], [ID_CLIENT], [UID_TAG]) VALUES (N'46', N'Chambre 110#Bâtiment A', N'5', N'CHSCH110')
GO

INSERT INTO [dbo].[LIEU] ([ID_LIEU], [NOM], [ID_CLIENT], [UID_TAG]) VALUES (N'47', N'Escalier B#Bâtiment A', N'5', N'ESCHSB')
GO

INSERT INTO [dbo].[LIEU] ([ID_LIEU], [NOM], [ID_CLIENT], [UID_TAG]) VALUES (N'48', N'Escalier C#Bâtiment B', N'5', N'ESCHSB')
GO

INSERT INTO [dbo].[LIEU] ([ID_LIEU], [NOM], [ID_CLIENT], [UID_TAG]) VALUES (N'49', N'Escalier A#Bâtiment C', N'5', N'ESCHSA')
GO

INSERT INTO [dbo].[LIEU] ([ID_LIEU], [NOM], [ID_CLIENT], [UID_TAG]) VALUES (N'50', N'102MINIBAR', N'6', N'43534534')
GO

INSERT INTO [dbo].[LIEU] ([ID_LIEU], [NOM], [ID_CLIENT], [UID_TAG]) VALUES (N'51', N'CHAMBRE 101#house keeping', N'6', N'CH101HK')
GO

INSERT INTO [dbo].[LIEU] ([ID_LIEU], [NOM], [ID_CLIENT], [UID_TAG]) VALUES (N'52', N'CHAMBRE 101#fridge', N'6', N'CH101FRIDGE')
GO

INSERT INTO [dbo].[LIEU] ([ID_LIEU], [NOM], [ID_CLIENT], [UID_TAG]) VALUES (N'53', N'Chambre 102 minibar', N'1', N'856955')
GO

SET IDENTITY_INSERT [dbo].[LIEU] OFF
GO


-- ----------------------------
-- Table structure for PASSAGE
-- ----------------------------
IF EXISTS (SELECT * FROM sys.all_objects WHERE object_id = OBJECT_ID(N'[dbo].[PASSAGE]') AND type IN ('U'))
	DROP TABLE [dbo].[PASSAGE]
GO

CREATE TABLE [dbo].[PASSAGE] (
  [ID_PASSAGE] int  IDENTITY(1,1) NOT NULL,
  [ID_LIEU] int  NOT NULL,
  [ID_AGENT] int  NOT NULL,
  [DH_DEBUT] datetime  NOT NULL,
  [DH_FIN] datetime  NOT NULL,
  [PHOTO] varbinary(max)  NULL,
  [COMMENTAIRE] ntext COLLATE French_CI_AS  NULL
)
GO

ALTER TABLE [dbo].[PASSAGE] SET (LOCK_ESCALATION = TABLE)
GO


-- ----------------------------
-- Records of PASSAGE
-- ----------------------------
SET IDENTITY_INSERT [dbo].[PASSAGE] ON
GO

INSERT INTO [dbo].[PASSAGE] ([ID_PASSAGE], [ID_LIEU], [ID_AGENT], [DH_DEBUT], [DH_FIN], [PHOTO], [COMMENTAIRE]) VALUES (N'1', N'22', N'5', N'2022-10-07 10:00:00.000', N'2022-10-07 11:31:00.000', NULL, NULL)
GO

INSERT INTO [dbo].[PASSAGE] ([ID_PASSAGE], [ID_LIEU], [ID_AGENT], [DH_DEBUT], [DH_FIN], [PHOTO], [COMMENTAIRE]) VALUES (N'2', N'41', N'1', N'2022-06-14 14:13:57.167', N'2022-06-14 15:12:02.700', NULL, NULL)
GO

INSERT INTO [dbo].[PASSAGE] ([ID_PASSAGE], [ID_LIEU], [ID_AGENT], [DH_DEBUT], [DH_FIN], [PHOTO], [COMMENTAIRE]) VALUES (N'3', N'40', N'2', N'2022-08-13 15:10:03.820', N'2022-08-13 16:11:14.100', NULL, NULL)
GO

INSERT INTO [dbo].[PASSAGE] ([ID_PASSAGE], [ID_LIEU], [ID_AGENT], [DH_DEBUT], [DH_FIN], [PHOTO], [COMMENTAIRE]) VALUES (N'4', N'49', N'1', N'2022-07-08 15:10:28.810', N'2022-07-08 16:11:38.800', NULL, NULL)
GO

INSERT INTO [dbo].[PASSAGE] ([ID_PASSAGE], [ID_LIEU], [ID_AGENT], [DH_DEBUT], [DH_FIN], [PHOTO], [COMMENTAIRE]) VALUES (N'5', N'29', N'1', N'2022-07-13 15:35:29.980', N'2022-07-13 16:37:21.400', NULL, NULL)
GO

INSERT INTO [dbo].[PASSAGE] ([ID_PASSAGE], [ID_LIEU], [ID_AGENT], [DH_DEBUT], [DH_FIN], [PHOTO], [COMMENTAIRE]) VALUES (N'6', N'47', N'1', N'2022-06-09 15:38:15.623', N'2022-06-09 16:38:40.187', NULL, NULL)
GO

INSERT INTO [dbo].[PASSAGE] ([ID_PASSAGE], [ID_LIEU], [ID_AGENT], [DH_DEBUT], [DH_FIN], [PHOTO], [COMMENTAIRE]) VALUES (N'7', N'31', N'1', N'2022-07-02 15:38:52.483', N'2022-07-02 17:41:10.600', NULL, NULL)
GO

INSERT INTO [dbo].[PASSAGE] ([ID_PASSAGE], [ID_LIEU], [ID_AGENT], [DH_DEBUT], [DH_FIN], [PHOTO], [COMMENTAIRE]) VALUES (N'8', N'18', N'1', N'2022-06-08 16:27:11.280', N'2022-06-08 17:28:23.977', NULL, NULL)
GO

INSERT INTO [dbo].[PASSAGE] ([ID_PASSAGE], [ID_LIEU], [ID_AGENT], [DH_DEBUT], [DH_FIN], [PHOTO], [COMMENTAIRE]) VALUES (N'9', N'42', N'1', N'2022-09-09 20:29:06.657', N'2022-09-09 21:30:28.000', NULL, NULL)
GO

INSERT INTO [dbo].[PASSAGE] ([ID_PASSAGE], [ID_LIEU], [ID_AGENT], [DH_DEBUT], [DH_FIN], [PHOTO], [COMMENTAIRE]) VALUES (N'10', N'37', N'1', N'2022-08-11 15:06:45.340', N'2022-07-11 16:06:55.617', NULL, NULL)
GO

INSERT INTO [dbo].[PASSAGE] ([ID_PASSAGE], [ID_LIEU], [ID_AGENT], [DH_DEBUT], [DH_FIN], [PHOTO], [COMMENTAIRE]) VALUES (N'11', N'41', N'2', N'2022-09-09 21:07:06.150', N'2022-09-09 22:08:18.200', NULL, NULL)
GO

INSERT INTO [dbo].[PASSAGE] ([ID_PASSAGE], [ID_LIEU], [ID_AGENT], [DH_DEBUT], [DH_FIN], [PHOTO], [COMMENTAIRE]) VALUES (N'12', N'1', N'1', N'2022-06-13 21:07:24.237', N'2022-06-13 22:08:38.600', NULL, NULL)
GO

INSERT INTO [dbo].[PASSAGE] ([ID_PASSAGE], [ID_LIEU], [ID_AGENT], [DH_DEBUT], [DH_FIN], [PHOTO], [COMMENTAIRE]) VALUES (N'13', N'34', N'1', N'2022-10-27 15:07:45.360', N'2022-10-27 17:07:49.167', NULL, NULL)
GO

INSERT INTO [dbo].[PASSAGE] ([ID_PASSAGE], [ID_LIEU], [ID_AGENT], [DH_DEBUT], [DH_FIN], [PHOTO], [COMMENTAIRE]) VALUES (N'14', N'16', N'1', N'2022-10-13 12:26:59.043', N'2022-10-10 12:27:05.197', NULL, NULL)
GO

INSERT INTO [dbo].[PASSAGE] ([ID_PASSAGE], [ID_LIEU], [ID_AGENT], [DH_DEBUT], [DH_FIN], [PHOTO], [COMMENTAIRE]) VALUES (N'15', N'44', N'1', N'2022-07-13 14:27:11.760', N'2022-07-13 15:33:33.760', NULL, NULL)
GO

INSERT INTO [dbo].[PASSAGE] ([ID_PASSAGE], [ID_LIEU], [ID_AGENT], [DH_DEBUT], [DH_FIN], [PHOTO], [COMMENTAIRE]) VALUES (N'16', N'26', N'2', N'2022-11-15 16:33:56.303', N'2022-10-15 17:34:00.277', NULL, NULL)
GO

INSERT INTO [dbo].[PASSAGE] ([ID_PASSAGE], [ID_LIEU], [ID_AGENT], [DH_DEBUT], [DH_FIN], [PHOTO], [COMMENTAIRE]) VALUES (N'17', N'2', N'2', N'2022-03-19 18:42:35.520', N'2022-03-19 19:42:44.350', NULL, NULL)
GO

INSERT INTO [dbo].[PASSAGE] ([ID_PASSAGE], [ID_LIEU], [ID_AGENT], [DH_DEBUT], [DH_FIN], [PHOTO], [COMMENTAIRE]) VALUES (N'18', N'26', N'1', N'2022-06-14 12:25:51.817', N'2022-05-06 13:27:08.200', NULL, NULL)
GO

INSERT INTO [dbo].[PASSAGE] ([ID_PASSAGE], [ID_LIEU], [ID_AGENT], [DH_DEBUT], [DH_FIN], [PHOTO], [COMMENTAIRE]) VALUES (N'19', N'2', N'1', N'2022-02-14 15:55:07.280', N'2022-02-14 16:55:18.390', NULL, NULL)
GO

INSERT INTO [dbo].[PASSAGE] ([ID_PASSAGE], [ID_LIEU], [ID_AGENT], [DH_DEBUT], [DH_FIN], [PHOTO], [COMMENTAIRE]) VALUES (N'20', N'22', N'2', N'2022-03-14 17:24:33.163', N'2022-03-14 18:25:18.437', NULL, NULL)
GO

INSERT INTO [dbo].[PASSAGE] ([ID_PASSAGE], [ID_LIEU], [ID_AGENT], [DH_DEBUT], [DH_FIN], [PHOTO], [COMMENTAIRE]) VALUES (N'21', N'23', N'1', N'2022-10-14 17:37:49.997', N'2022-10-14 18:38:15.457', NULL, NULL)
GO

INSERT INTO [dbo].[PASSAGE] ([ID_PASSAGE], [ID_LIEU], [ID_AGENT], [DH_DEBUT], [DH_FIN], [PHOTO], [COMMENTAIRE]) VALUES (N'22', N'2', N'1', N'2022-04-14 17:39:15.840', N'2022-04-14 18:39:25.710', NULL, NULL)
GO

INSERT INTO [dbo].[PASSAGE] ([ID_PASSAGE], [ID_LIEU], [ID_AGENT], [DH_DEBUT], [DH_FIN], [PHOTO], [COMMENTAIRE]) VALUES (N'23', N'48', N'1', N'2022-01-20 13:39:37.363', N'2022-01-20 14:40:04.863', NULL, NULL)
GO

INSERT INTO [dbo].[PASSAGE] ([ID_PASSAGE], [ID_LIEU], [ID_AGENT], [DH_DEBUT], [DH_FIN], [PHOTO], [COMMENTAIRE]) VALUES (N'24', N'22', N'2', N'2022-01-14 17:41:17.897', N'2022-01-14 18:41:34.300', NULL, NULL)
GO

INSERT INTO [dbo].[PASSAGE] ([ID_PASSAGE], [ID_LIEU], [ID_AGENT], [DH_DEBUT], [DH_FIN], [PHOTO], [COMMENTAIRE]) VALUES (N'25', N'33', N'1', N'2022-10-15 10:22:05.770', N'2022-10-15 11:22:37.593', NULL, NULL)
GO

INSERT INTO [dbo].[PASSAGE] ([ID_PASSAGE], [ID_LIEU], [ID_AGENT], [DH_DEBUT], [DH_FIN], [PHOTO], [COMMENTAIRE]) VALUES (N'26', N'25', N'2', N'2022-11-15 10:50:40.880', N'2022-11-15 11:50:41.603', NULL, NULL)
GO

INSERT INTO [dbo].[PASSAGE] ([ID_PASSAGE], [ID_LIEU], [ID_AGENT], [DH_DEBUT], [DH_FIN], [PHOTO], [COMMENTAIRE]) VALUES (N'27', N'20', N'2', N'2022-05-15 10:50:43.327', N'2022-05-15 11:51:07.073', NULL, NULL)
GO

INSERT INTO [dbo].[PASSAGE] ([ID_PASSAGE], [ID_LIEU], [ID_AGENT], [DH_DEBUT], [DH_FIN], [PHOTO], [COMMENTAIRE]) VALUES (N'28', N'27', N'2', N'2022-05-15 10:52:11.187', N'2022-05-15 11:52:30.787', NULL, NULL)
GO

INSERT INTO [dbo].[PASSAGE] ([ID_PASSAGE], [ID_LIEU], [ID_AGENT], [DH_DEBUT], [DH_FIN], [PHOTO], [COMMENTAIRE]) VALUES (N'29', N'24', N'1', N'2022-06-11 11:18:04.283', N'2022-06-11 12:19:37.837', NULL, NULL)
GO

INSERT INTO [dbo].[PASSAGE] ([ID_PASSAGE], [ID_LIEU], [ID_AGENT], [DH_DEBUT], [DH_FIN], [PHOTO], [COMMENTAIRE]) VALUES (N'30', N'40', N'1', N'2022-06-15 11:23:20.610', N'2022-06-15 12:23:29.930', NULL, NULL)
GO

INSERT INTO [dbo].[PASSAGE] ([ID_PASSAGE], [ID_LIEU], [ID_AGENT], [DH_DEBUT], [DH_FIN], [PHOTO], [COMMENTAIRE]) VALUES (N'31', N'45', N'1', N'2022-11-15 11:24:06.027', N'2022-11-15 12:24:30.860', NULL, NULL)
GO

INSERT INTO [dbo].[PASSAGE] ([ID_PASSAGE], [ID_LIEU], [ID_AGENT], [DH_DEBUT], [DH_FIN], [PHOTO], [COMMENTAIRE]) VALUES (N'32', N'11', N'1', N'2022-04-15 11:27:13.070', N'2022-04-15 12:27:23.057', NULL, NULL)
GO

INSERT INTO [dbo].[PASSAGE] ([ID_PASSAGE], [ID_LIEU], [ID_AGENT], [DH_DEBUT], [DH_FIN], [PHOTO], [COMMENTAIRE]) VALUES (N'33', N'30', N'1', N'2022-07-15 11:27:48.787', N'2022-07-15 12:27:51.457', NULL, NULL)
GO

INSERT INTO [dbo].[PASSAGE] ([ID_PASSAGE], [ID_LIEU], [ID_AGENT], [DH_DEBUT], [DH_FIN], [PHOTO], [COMMENTAIRE]) VALUES (N'34', N'22', N'1', N'2022-11-15 11:42:47.210', N'2022-11-15 12:42:47.637', NULL, NULL)
GO

INSERT INTO [dbo].[PASSAGE] ([ID_PASSAGE], [ID_LIEU], [ID_AGENT], [DH_DEBUT], [DH_FIN], [PHOTO], [COMMENTAIRE]) VALUES (N'35', N'22', N'1', N'2022-11-15 11:47:09.330', N'2022-11-15 12:47:40.430', NULL, NULL)
GO

INSERT INTO [dbo].[PASSAGE] ([ID_PASSAGE], [ID_LIEU], [ID_AGENT], [DH_DEBUT], [DH_FIN], [PHOTO], [COMMENTAIRE]) VALUES (N'36', N'43', N'1', N'2022-05-06 11:48:55.037', N'2022-05-06 13:49:30.687', NULL, NULL)
GO

INSERT INTO [dbo].[PASSAGE] ([ID_PASSAGE], [ID_LIEU], [ID_AGENT], [DH_DEBUT], [DH_FIN], [PHOTO], [COMMENTAIRE]) VALUES (N'37', N'46', N'1', N'2022-06-15 11:53:20.067', N'2022-06-15 12:53:23.220', NULL, NULL)
GO

INSERT INTO [dbo].[PASSAGE] ([ID_PASSAGE], [ID_LIEU], [ID_AGENT], [DH_DEBUT], [DH_FIN], [PHOTO], [COMMENTAIRE]) VALUES (N'38', N'24', N'1', N'2022-12-15 13:14:01.037', N'2022-12-15 14:14:24.497', NULL, NULL)
GO

INSERT INTO [dbo].[PASSAGE] ([ID_PASSAGE], [ID_LIEU], [ID_AGENT], [DH_DEBUT], [DH_FIN], [PHOTO], [COMMENTAIRE]) VALUES (N'39', N'5', N'1', N'2022-02-15 13:15:27.977', N'2022-02-15 14:15:52.893', NULL, NULL)
GO

INSERT INTO [dbo].[PASSAGE] ([ID_PASSAGE], [ID_LIEU], [ID_AGENT], [DH_DEBUT], [DH_FIN], [PHOTO], [COMMENTAIRE]) VALUES (N'40', N'32', N'1', N'2022-02-15 13:16:13.013', N'2022-02-15 14:16:24.797', NULL, NULL)
GO

INSERT INTO [dbo].[PASSAGE] ([ID_PASSAGE], [ID_LIEU], [ID_AGENT], [DH_DEBUT], [DH_FIN], [PHOTO], [COMMENTAIRE]) VALUES (N'41', N'10', N'1', N'2022-02-03 10:17:00.113', N'2022-02-03 11:17:12.100', NULL, NULL)
GO

INSERT INTO [dbo].[PASSAGE] ([ID_PASSAGE], [ID_LIEU], [ID_AGENT], [DH_DEBUT], [DH_FIN], [PHOTO], [COMMENTAIRE]) VALUES (N'42', N'36', N'1', N'2022-08-15 13:22:04.873', N'2022-08-15 14:22:14.777', NULL, NULL)
GO

INSERT INTO [dbo].[PASSAGE] ([ID_PASSAGE], [ID_LIEU], [ID_AGENT], [DH_DEBUT], [DH_FIN], [PHOTO], [COMMENTAIRE]) VALUES (N'43', N'37', N'1', N'2022-01-15 13:22:48.447', N'2022-01-15 14:24:09.720', NULL, NULL)
GO

INSERT INTO [dbo].[PASSAGE] ([ID_PASSAGE], [ID_LIEU], [ID_AGENT], [DH_DEBUT], [DH_FIN], [PHOTO], [COMMENTAIRE]) VALUES (N'44', N'25', N'1', N'2022-11-15 13:24:30.247', N'2022-11-15 14:53:20.083', NULL, NULL)
GO

INSERT INTO [dbo].[PASSAGE] ([ID_PASSAGE], [ID_LIEU], [ID_AGENT], [DH_DEBUT], [DH_FIN], [PHOTO], [COMMENTAIRE]) VALUES (N'45', N'1', N'1', N'2022-05-15 13:24:30.247', N'2022-05-15 14:53:20.130', NULL, NULL)
GO

INSERT INTO [dbo].[PASSAGE] ([ID_PASSAGE], [ID_LIEU], [ID_AGENT], [DH_DEBUT], [DH_FIN], [PHOTO], [COMMENTAIRE]) VALUES (N'46', N'44', N'1', N'2022-11-15 14:56:01.363', N'2022-11-15 15:56:01.490', NULL, NULL)
GO

INSERT INTO [dbo].[PASSAGE] ([ID_PASSAGE], [ID_LIEU], [ID_AGENT], [DH_DEBUT], [DH_FIN], [PHOTO], [COMMENTAIRE]) VALUES (N'47', N'14', N'1', N'2022-04-16 06:36:21.757', N'2022-04-16 07:36:41.503', NULL, NULL)
GO

INSERT INTO [dbo].[PASSAGE] ([ID_PASSAGE], [ID_LIEU], [ID_AGENT], [DH_DEBUT], [DH_FIN], [PHOTO], [COMMENTAIRE]) VALUES (N'48', N'18', N'1', N'2022-11-16 21:37:27.620', N'2022-11-16 22:37:31.353', NULL, NULL)
GO

INSERT INTO [dbo].[PASSAGE] ([ID_PASSAGE], [ID_LIEU], [ID_AGENT], [DH_DEBUT], [DH_FIN], [PHOTO], [COMMENTAIRE]) VALUES (N'49', N'14', N'1', N'2022-05-08 11:38:42.810', N'2022-05-08 12:39:22.367', NULL, NULL)
GO

INSERT INTO [dbo].[PASSAGE] ([ID_PASSAGE], [ID_LIEU], [ID_AGENT], [DH_DEBUT], [DH_FIN], [PHOTO], [COMMENTAIRE]) VALUES (N'50', N'14', N'1', N'2022-03-16 13:39:46.720', N'2022-03-16 14:40:03.623', NULL, NULL)
GO

INSERT INTO [dbo].[PASSAGE] ([ID_PASSAGE], [ID_LIEU], [ID_AGENT], [DH_DEBUT], [DH_FIN], [PHOTO], [COMMENTAIRE]) VALUES (N'51', N'23', N'1', N'2022-03-16 21:41:10.770', N'2022-03-16 22:41:10.817', NULL, NULL)
GO

INSERT INTO [dbo].[PASSAGE] ([ID_PASSAGE], [ID_LIEU], [ID_AGENT], [DH_DEBUT], [DH_FIN], [PHOTO], [COMMENTAIRE]) VALUES (N'52', N'14', N'1', N'2022-04-16 13:43:29.147', N'2022-04-16 14:43:38.770', NULL, NULL)
GO

INSERT INTO [dbo].[PASSAGE] ([ID_PASSAGE], [ID_LIEU], [ID_AGENT], [DH_DEBUT], [DH_FIN], [PHOTO], [COMMENTAIRE]) VALUES (N'53', N'20', N'1', N'2023-01-04 10:48:08.217', N'2023-01-04 11:48:21.343', NULL, NULL)
GO

INSERT INTO [dbo].[PASSAGE] ([ID_PASSAGE], [ID_LIEU], [ID_AGENT], [DH_DEBUT], [DH_FIN], [PHOTO], [COMMENTAIRE]) VALUES (N'54', N'43', N'1', N'2022-12-12 13:48:29.097', N'2022-12-12 14:48:34.283', NULL, NULL)
GO

INSERT INTO [dbo].[PASSAGE] ([ID_PASSAGE], [ID_LIEU], [ID_AGENT], [DH_DEBUT], [DH_FIN], [PHOTO], [COMMENTAIRE]) VALUES (N'55', N'22', N'2', N'2022-12-15 16:49:06.737', N'2022-12-15 17:49:12.687', NULL, NULL)
GO

INSERT INTO [dbo].[PASSAGE] ([ID_PASSAGE], [ID_LIEU], [ID_AGENT], [DH_DEBUT], [DH_FIN], [PHOTO], [COMMENTAIRE]) VALUES (N'56', N'21', N'5', N'2022-12-16 09:29:16.367', N'2022-12-16 10:29:17.050', NULL, NULL)
GO

INSERT INTO [dbo].[PASSAGE] ([ID_PASSAGE], [ID_LIEU], [ID_AGENT], [DH_DEBUT], [DH_FIN], [PHOTO], [COMMENTAIRE]) VALUES (N'57', N'35', N'2', N'2022-09-08 20:29:23.763', N'2022-09-08 21:31:11.700', NULL, NULL)
GO

INSERT INTO [dbo].[PASSAGE] ([ID_PASSAGE], [ID_LIEU], [ID_AGENT], [DH_DEBUT], [DH_FIN], [PHOTO], [COMMENTAIRE]) VALUES (N'58', N'39', N'2', N'2022-10-05 19:30:28.637', N'2022-10-05 20:30:29.447', NULL, NULL)
GO

INSERT INTO [dbo].[PASSAGE] ([ID_PASSAGE], [ID_LIEU], [ID_AGENT], [DH_DEBUT], [DH_FIN], [PHOTO], [COMMENTAIRE]) VALUES (N'59', N'38', N'2', N'2022-09-22 20:30:30.797', N'2022-09-22 21:33:28.800', NULL, NULL)
GO

INSERT INTO [dbo].[PASSAGE] ([ID_PASSAGE], [ID_LIEU], [ID_AGENT], [DH_DEBUT], [DH_FIN], [PHOTO], [COMMENTAIRE]) VALUES (N'60', N'24', N'2', N'2022-08-11 12:32:39.800', N'2022-08-11 13:36:45.600', NULL, NULL)
GO

INSERT INTO [dbo].[PASSAGE] ([ID_PASSAGE], [ID_LIEU], [ID_AGENT], [DH_DEBUT], [DH_FIN], [PHOTO], [COMMENTAIRE]) VALUES (N'61', N'19', N'5', N'2022-09-13 11:06:10.400', N'2022-09-13 13:08:25.000', NULL, NULL)
GO

INSERT INTO [dbo].[PASSAGE] ([ID_PASSAGE], [ID_LIEU], [ID_AGENT], [DH_DEBUT], [DH_FIN], [PHOTO], [COMMENTAIRE]) VALUES (N'62', N'18', N'5', N'2022-09-09 10:05:30.063', N'2022-09-09 12:07:57.000', NULL, NULL)
GO

INSERT INTO [dbo].[PASSAGE] ([ID_PASSAGE], [ID_LIEU], [ID_AGENT], [DH_DEBUT], [DH_FIN], [PHOTO], [COMMENTAIRE]) VALUES (N'63', N'21', N'2', N'2022-09-14 15:15:25.920', N'2022-09-14 18:25:58.700', NULL, NULL)
GO

INSERT INTO [dbo].[PASSAGE] ([ID_PASSAGE], [ID_LIEU], [ID_AGENT], [DH_DEBUT], [DH_FIN], [PHOTO], [COMMENTAIRE]) VALUES (N'64', N'17', N'2', N'2023-01-04 14:48:00.000', N'2023-01-04 15:48:00.000', NULL, NULL)
GO

INSERT INTO [dbo].[PASSAGE] ([ID_PASSAGE], [ID_LIEU], [ID_AGENT], [DH_DEBUT], [DH_FIN], [PHOTO], [COMMENTAIRE]) VALUES (N'65', N'16', N'2', N'2023-01-10 07:53:00.000', N'2023-01-10 09:49:00.000', NULL, NULL)
GO

INSERT INTO [dbo].[PASSAGE] ([ID_PASSAGE], [ID_LIEU], [ID_AGENT], [DH_DEBUT], [DH_FIN], [PHOTO], [COMMENTAIRE]) VALUES (N'66', N'1', N'1', N'2022-01-04 13:25:00.000', N'2022-01-04 14:26:00.000', NULL, NULL)
GO

INSERT INTO [dbo].[PASSAGE] ([ID_PASSAGE], [ID_LIEU], [ID_AGENT], [DH_DEBUT], [DH_FIN], [PHOTO], [COMMENTAIRE]) VALUES (N'67', N'22', N'5', N'2022-01-04 10:17:00.000', N'2022-01-04 11:28:00.000', NULL, NULL)
GO

INSERT INTO [dbo].[PASSAGE] ([ID_PASSAGE], [ID_LIEU], [ID_AGENT], [DH_DEBUT], [DH_FIN], [PHOTO], [COMMENTAIRE]) VALUES (N'68', N'28', N'1', N'2022-01-05 07:27:00.000', N'2022-01-05 08:29:00.000', NULL, NULL)
GO

INSERT INTO [dbo].[PASSAGE] ([ID_PASSAGE], [ID_LIEU], [ID_AGENT], [DH_DEBUT], [DH_FIN], [PHOTO], [COMMENTAIRE]) VALUES (N'69', N'22', N'1', N'2023-01-17 17:21:00.000', N'2023-01-17 17:32:00.000', NULL, NULL)
GO

INSERT INTO [dbo].[PASSAGE] ([ID_PASSAGE], [ID_LIEU], [ID_AGENT], [DH_DEBUT], [DH_FIN], [PHOTO], [COMMENTAIRE]) VALUES (N'70', N'40', N'1', N'2023-01-22 12:43:00.000', N'2023-01-22 15:36:00.000', NULL, NULL)
GO

INSERT INTO [dbo].[PASSAGE] ([ID_PASSAGE], [ID_LIEU], [ID_AGENT], [DH_DEBUT], [DH_FIN], [PHOTO], [COMMENTAIRE]) VALUES (N'71', N'16', N'2', N'2023-01-23 07:45:00.000', N'2023-01-23 08:27:00.000', NULL, NULL)
GO

INSERT INTO [dbo].[PASSAGE] ([ID_PASSAGE], [ID_LIEU], [ID_AGENT], [DH_DEBUT], [DH_FIN], [PHOTO], [COMMENTAIRE]) VALUES (N'72', N'51', N'1', N'2023-01-21 08:04:00.000', N'2023-02-02 09:50:00.000', NULL, NULL)
GO

SET IDENTITY_INSERT [dbo].[PASSAGE] OFF
GO


-- ----------------------------
-- Table structure for PASSAGE_TACHE
-- ----------------------------
IF EXISTS (SELECT * FROM sys.all_objects WHERE object_id = OBJECT_ID(N'[dbo].[PASSAGE_TACHE]') AND type IN ('U'))
	DROP TABLE [dbo].[PASSAGE_TACHE]
GO

CREATE TABLE [dbo].[PASSAGE_TACHE] (
  [ID_PT] int  IDENTITY(1,1) NOT NULL,
  [ID_PASSAGE] int  NOT NULL,
  [ID_TL] int  NOT NULL,
  [FAIT] bit DEFAULT ((0)) NOT NULL
)
GO

ALTER TABLE [dbo].[PASSAGE_TACHE] SET (LOCK_ESCALATION = TABLE)
GO


-- ----------------------------
-- Records of PASSAGE_TACHE
-- ----------------------------
SET IDENTITY_INSERT [dbo].[PASSAGE_TACHE] ON
GO

INSERT INTO [dbo].[PASSAGE_TACHE] ([ID_PT], [ID_PASSAGE], [ID_TL], [FAIT]) VALUES (N'1', N'2', N'1', N'1')
GO

INSERT INTO [dbo].[PASSAGE_TACHE] ([ID_PT], [ID_PASSAGE], [ID_TL], [FAIT]) VALUES (N'2', N'2', N'2', N'1')
GO

INSERT INTO [dbo].[PASSAGE_TACHE] ([ID_PT], [ID_PASSAGE], [ID_TL], [FAIT]) VALUES (N'3', N'2', N'3', N'1')
GO

INSERT INTO [dbo].[PASSAGE_TACHE] ([ID_PT], [ID_PASSAGE], [ID_TL], [FAIT]) VALUES (N'4', N'2', N'4', N'1')
GO

INSERT INTO [dbo].[PASSAGE_TACHE] ([ID_PT], [ID_PASSAGE], [ID_TL], [FAIT]) VALUES (N'5', N'3', N'1', N'1')
GO

INSERT INTO [dbo].[PASSAGE_TACHE] ([ID_PT], [ID_PASSAGE], [ID_TL], [FAIT]) VALUES (N'6', N'3', N'2', N'1')
GO

INSERT INTO [dbo].[PASSAGE_TACHE] ([ID_PT], [ID_PASSAGE], [ID_TL], [FAIT]) VALUES (N'7', N'3', N'3', N'1')
GO

INSERT INTO [dbo].[PASSAGE_TACHE] ([ID_PT], [ID_PASSAGE], [ID_TL], [FAIT]) VALUES (N'8', N'3', N'4', N'1')
GO

INSERT INTO [dbo].[PASSAGE_TACHE] ([ID_PT], [ID_PASSAGE], [ID_TL], [FAIT]) VALUES (N'9', N'4', N'1', N'1')
GO

INSERT INTO [dbo].[PASSAGE_TACHE] ([ID_PT], [ID_PASSAGE], [ID_TL], [FAIT]) VALUES (N'10', N'4', N'2', N'1')
GO

INSERT INTO [dbo].[PASSAGE_TACHE] ([ID_PT], [ID_PASSAGE], [ID_TL], [FAIT]) VALUES (N'11', N'4', N'3', N'1')
GO

INSERT INTO [dbo].[PASSAGE_TACHE] ([ID_PT], [ID_PASSAGE], [ID_TL], [FAIT]) VALUES (N'12', N'4', N'4', N'1')
GO

INSERT INTO [dbo].[PASSAGE_TACHE] ([ID_PT], [ID_PASSAGE], [ID_TL], [FAIT]) VALUES (N'13', N'5', N'1', N'0')
GO

INSERT INTO [dbo].[PASSAGE_TACHE] ([ID_PT], [ID_PASSAGE], [ID_TL], [FAIT]) VALUES (N'14', N'5', N'2', N'1')
GO

INSERT INTO [dbo].[PASSAGE_TACHE] ([ID_PT], [ID_PASSAGE], [ID_TL], [FAIT]) VALUES (N'15', N'5', N'3', N'0')
GO

INSERT INTO [dbo].[PASSAGE_TACHE] ([ID_PT], [ID_PASSAGE], [ID_TL], [FAIT]) VALUES (N'16', N'5', N'4', N'1')
GO

INSERT INTO [dbo].[PASSAGE_TACHE] ([ID_PT], [ID_PASSAGE], [ID_TL], [FAIT]) VALUES (N'17', N'6', N'1', N'1')
GO

INSERT INTO [dbo].[PASSAGE_TACHE] ([ID_PT], [ID_PASSAGE], [ID_TL], [FAIT]) VALUES (N'18', N'6', N'2', N'1')
GO

INSERT INTO [dbo].[PASSAGE_TACHE] ([ID_PT], [ID_PASSAGE], [ID_TL], [FAIT]) VALUES (N'19', N'6', N'3', N'0')
GO

INSERT INTO [dbo].[PASSAGE_TACHE] ([ID_PT], [ID_PASSAGE], [ID_TL], [FAIT]) VALUES (N'20', N'6', N'4', N'1')
GO

INSERT INTO [dbo].[PASSAGE_TACHE] ([ID_PT], [ID_PASSAGE], [ID_TL], [FAIT]) VALUES (N'21', N'7', N'1', N'1')
GO

INSERT INTO [dbo].[PASSAGE_TACHE] ([ID_PT], [ID_PASSAGE], [ID_TL], [FAIT]) VALUES (N'22', N'7', N'2', N'1')
GO

INSERT INTO [dbo].[PASSAGE_TACHE] ([ID_PT], [ID_PASSAGE], [ID_TL], [FAIT]) VALUES (N'23', N'7', N'3', N'0')
GO

INSERT INTO [dbo].[PASSAGE_TACHE] ([ID_PT], [ID_PASSAGE], [ID_TL], [FAIT]) VALUES (N'24', N'7', N'4', N'0')
GO

INSERT INTO [dbo].[PASSAGE_TACHE] ([ID_PT], [ID_PASSAGE], [ID_TL], [FAIT]) VALUES (N'25', N'8', N'1', N'0')
GO

INSERT INTO [dbo].[PASSAGE_TACHE] ([ID_PT], [ID_PASSAGE], [ID_TL], [FAIT]) VALUES (N'26', N'8', N'2', N'1')
GO

INSERT INTO [dbo].[PASSAGE_TACHE] ([ID_PT], [ID_PASSAGE], [ID_TL], [FAIT]) VALUES (N'27', N'8', N'3', N'0')
GO

INSERT INTO [dbo].[PASSAGE_TACHE] ([ID_PT], [ID_PASSAGE], [ID_TL], [FAIT]) VALUES (N'28', N'8', N'4', N'0')
GO

INSERT INTO [dbo].[PASSAGE_TACHE] ([ID_PT], [ID_PASSAGE], [ID_TL], [FAIT]) VALUES (N'29', N'9', N'1', N'0')
GO

INSERT INTO [dbo].[PASSAGE_TACHE] ([ID_PT], [ID_PASSAGE], [ID_TL], [FAIT]) VALUES (N'30', N'9', N'2', N'0')
GO

INSERT INTO [dbo].[PASSAGE_TACHE] ([ID_PT], [ID_PASSAGE], [ID_TL], [FAIT]) VALUES (N'31', N'9', N'3', N'0')
GO

INSERT INTO [dbo].[PASSAGE_TACHE] ([ID_PT], [ID_PASSAGE], [ID_TL], [FAIT]) VALUES (N'32', N'9', N'4', N'0')
GO

INSERT INTO [dbo].[PASSAGE_TACHE] ([ID_PT], [ID_PASSAGE], [ID_TL], [FAIT]) VALUES (N'33', N'10', N'1', N'1')
GO

INSERT INTO [dbo].[PASSAGE_TACHE] ([ID_PT], [ID_PASSAGE], [ID_TL], [FAIT]) VALUES (N'34', N'10', N'2', N'1')
GO

INSERT INTO [dbo].[PASSAGE_TACHE] ([ID_PT], [ID_PASSAGE], [ID_TL], [FAIT]) VALUES (N'35', N'10', N'3', N'1')
GO

INSERT INTO [dbo].[PASSAGE_TACHE] ([ID_PT], [ID_PASSAGE], [ID_TL], [FAIT]) VALUES (N'36', N'10', N'4', N'0')
GO

INSERT INTO [dbo].[PASSAGE_TACHE] ([ID_PT], [ID_PASSAGE], [ID_TL], [FAIT]) VALUES (N'37', N'11', N'1', N'0')
GO

INSERT INTO [dbo].[PASSAGE_TACHE] ([ID_PT], [ID_PASSAGE], [ID_TL], [FAIT]) VALUES (N'38', N'11', N'2', N'1')
GO

INSERT INTO [dbo].[PASSAGE_TACHE] ([ID_PT], [ID_PASSAGE], [ID_TL], [FAIT]) VALUES (N'39', N'11', N'3', N'1')
GO

INSERT INTO [dbo].[PASSAGE_TACHE] ([ID_PT], [ID_PASSAGE], [ID_TL], [FAIT]) VALUES (N'40', N'11', N'4', N'0')
GO

INSERT INTO [dbo].[PASSAGE_TACHE] ([ID_PT], [ID_PASSAGE], [ID_TL], [FAIT]) VALUES (N'41', N'12', N'1', N'1')
GO

INSERT INTO [dbo].[PASSAGE_TACHE] ([ID_PT], [ID_PASSAGE], [ID_TL], [FAIT]) VALUES (N'42', N'12', N'2', N'0')
GO

INSERT INTO [dbo].[PASSAGE_TACHE] ([ID_PT], [ID_PASSAGE], [ID_TL], [FAIT]) VALUES (N'43', N'12', N'3', N'0')
GO

INSERT INTO [dbo].[PASSAGE_TACHE] ([ID_PT], [ID_PASSAGE], [ID_TL], [FAIT]) VALUES (N'44', N'12', N'4', N'0')
GO

INSERT INTO [dbo].[PASSAGE_TACHE] ([ID_PT], [ID_PASSAGE], [ID_TL], [FAIT]) VALUES (N'45', N'13', N'1', N'0')
GO

INSERT INTO [dbo].[PASSAGE_TACHE] ([ID_PT], [ID_PASSAGE], [ID_TL], [FAIT]) VALUES (N'46', N'13', N'2', N'0')
GO

INSERT INTO [dbo].[PASSAGE_TACHE] ([ID_PT], [ID_PASSAGE], [ID_TL], [FAIT]) VALUES (N'47', N'13', N'3', N'1')
GO

INSERT INTO [dbo].[PASSAGE_TACHE] ([ID_PT], [ID_PASSAGE], [ID_TL], [FAIT]) VALUES (N'48', N'13', N'4', N'0')
GO

INSERT INTO [dbo].[PASSAGE_TACHE] ([ID_PT], [ID_PASSAGE], [ID_TL], [FAIT]) VALUES (N'49', N'14', N'5', N'0')
GO

INSERT INTO [dbo].[PASSAGE_TACHE] ([ID_PT], [ID_PASSAGE], [ID_TL], [FAIT]) VALUES (N'50', N'14', N'6', N'1')
GO

INSERT INTO [dbo].[PASSAGE_TACHE] ([ID_PT], [ID_PASSAGE], [ID_TL], [FAIT]) VALUES (N'51', N'14', N'7', N'1')
GO

INSERT INTO [dbo].[PASSAGE_TACHE] ([ID_PT], [ID_PASSAGE], [ID_TL], [FAIT]) VALUES (N'52', N'14', N'8', N'0')
GO

INSERT INTO [dbo].[PASSAGE_TACHE] ([ID_PT], [ID_PASSAGE], [ID_TL], [FAIT]) VALUES (N'53', N'15', N'5', N'1')
GO

INSERT INTO [dbo].[PASSAGE_TACHE] ([ID_PT], [ID_PASSAGE], [ID_TL], [FAIT]) VALUES (N'54', N'15', N'6', N'1')
GO

INSERT INTO [dbo].[PASSAGE_TACHE] ([ID_PT], [ID_PASSAGE], [ID_TL], [FAIT]) VALUES (N'55', N'15', N'7', N'1')
GO

INSERT INTO [dbo].[PASSAGE_TACHE] ([ID_PT], [ID_PASSAGE], [ID_TL], [FAIT]) VALUES (N'56', N'15', N'8', N'1')
GO

INSERT INTO [dbo].[PASSAGE_TACHE] ([ID_PT], [ID_PASSAGE], [ID_TL], [FAIT]) VALUES (N'57', N'16', N'5', N'1')
GO

INSERT INTO [dbo].[PASSAGE_TACHE] ([ID_PT], [ID_PASSAGE], [ID_TL], [FAIT]) VALUES (N'58', N'16', N'6', N'1')
GO

INSERT INTO [dbo].[PASSAGE_TACHE] ([ID_PT], [ID_PASSAGE], [ID_TL], [FAIT]) VALUES (N'59', N'16', N'7', N'0')
GO

INSERT INTO [dbo].[PASSAGE_TACHE] ([ID_PT], [ID_PASSAGE], [ID_TL], [FAIT]) VALUES (N'60', N'16', N'8', N'0')
GO

INSERT INTO [dbo].[PASSAGE_TACHE] ([ID_PT], [ID_PASSAGE], [ID_TL], [FAIT]) VALUES (N'61', N'17', N'5', N'1')
GO

INSERT INTO [dbo].[PASSAGE_TACHE] ([ID_PT], [ID_PASSAGE], [ID_TL], [FAIT]) VALUES (N'62', N'17', N'6', N'1')
GO

INSERT INTO [dbo].[PASSAGE_TACHE] ([ID_PT], [ID_PASSAGE], [ID_TL], [FAIT]) VALUES (N'63', N'17', N'7', N'0')
GO

INSERT INTO [dbo].[PASSAGE_TACHE] ([ID_PT], [ID_PASSAGE], [ID_TL], [FAIT]) VALUES (N'64', N'17', N'8', N'0')
GO

INSERT INTO [dbo].[PASSAGE_TACHE] ([ID_PT], [ID_PASSAGE], [ID_TL], [FAIT]) VALUES (N'65', N'19', N'5', N'1')
GO

INSERT INTO [dbo].[PASSAGE_TACHE] ([ID_PT], [ID_PASSAGE], [ID_TL], [FAIT]) VALUES (N'66', N'19', N'6', N'1')
GO

INSERT INTO [dbo].[PASSAGE_TACHE] ([ID_PT], [ID_PASSAGE], [ID_TL], [FAIT]) VALUES (N'67', N'19', N'7', N'0')
GO

INSERT INTO [dbo].[PASSAGE_TACHE] ([ID_PT], [ID_PASSAGE], [ID_TL], [FAIT]) VALUES (N'68', N'19', N'8', N'0')
GO

INSERT INTO [dbo].[PASSAGE_TACHE] ([ID_PT], [ID_PASSAGE], [ID_TL], [FAIT]) VALUES (N'69', N'20', N'5', N'1')
GO

INSERT INTO [dbo].[PASSAGE_TACHE] ([ID_PT], [ID_PASSAGE], [ID_TL], [FAIT]) VALUES (N'70', N'20', N'6', N'0')
GO

INSERT INTO [dbo].[PASSAGE_TACHE] ([ID_PT], [ID_PASSAGE], [ID_TL], [FAIT]) VALUES (N'71', N'20', N'7', N'1')
GO

INSERT INTO [dbo].[PASSAGE_TACHE] ([ID_PT], [ID_PASSAGE], [ID_TL], [FAIT]) VALUES (N'72', N'20', N'8', N'0')
GO

INSERT INTO [dbo].[PASSAGE_TACHE] ([ID_PT], [ID_PASSAGE], [ID_TL], [FAIT]) VALUES (N'73', N'21', N'5', N'1')
GO

INSERT INTO [dbo].[PASSAGE_TACHE] ([ID_PT], [ID_PASSAGE], [ID_TL], [FAIT]) VALUES (N'74', N'21', N'6', N'1')
GO

INSERT INTO [dbo].[PASSAGE_TACHE] ([ID_PT], [ID_PASSAGE], [ID_TL], [FAIT]) VALUES (N'75', N'21', N'7', N'1')
GO

INSERT INTO [dbo].[PASSAGE_TACHE] ([ID_PT], [ID_PASSAGE], [ID_TL], [FAIT]) VALUES (N'76', N'21', N'8', N'0')
GO

INSERT INTO [dbo].[PASSAGE_TACHE] ([ID_PT], [ID_PASSAGE], [ID_TL], [FAIT]) VALUES (N'77', N'22', N'5', N'1')
GO

INSERT INTO [dbo].[PASSAGE_TACHE] ([ID_PT], [ID_PASSAGE], [ID_TL], [FAIT]) VALUES (N'78', N'22', N'6', N'0')
GO

INSERT INTO [dbo].[PASSAGE_TACHE] ([ID_PT], [ID_PASSAGE], [ID_TL], [FAIT]) VALUES (N'79', N'22', N'7', N'0')
GO

INSERT INTO [dbo].[PASSAGE_TACHE] ([ID_PT], [ID_PASSAGE], [ID_TL], [FAIT]) VALUES (N'80', N'22', N'8', N'0')
GO

INSERT INTO [dbo].[PASSAGE_TACHE] ([ID_PT], [ID_PASSAGE], [ID_TL], [FAIT]) VALUES (N'81', N'23', N'5', N'0')
GO

INSERT INTO [dbo].[PASSAGE_TACHE] ([ID_PT], [ID_PASSAGE], [ID_TL], [FAIT]) VALUES (N'82', N'23', N'6', N'0')
GO

INSERT INTO [dbo].[PASSAGE_TACHE] ([ID_PT], [ID_PASSAGE], [ID_TL], [FAIT]) VALUES (N'83', N'23', N'7', N'0')
GO

INSERT INTO [dbo].[PASSAGE_TACHE] ([ID_PT], [ID_PASSAGE], [ID_TL], [FAIT]) VALUES (N'84', N'23', N'8', N'0')
GO

INSERT INTO [dbo].[PASSAGE_TACHE] ([ID_PT], [ID_PASSAGE], [ID_TL], [FAIT]) VALUES (N'85', N'24', N'5', N'1')
GO

INSERT INTO [dbo].[PASSAGE_TACHE] ([ID_PT], [ID_PASSAGE], [ID_TL], [FAIT]) VALUES (N'86', N'24', N'6', N'1')
GO

INSERT INTO [dbo].[PASSAGE_TACHE] ([ID_PT], [ID_PASSAGE], [ID_TL], [FAIT]) VALUES (N'87', N'24', N'7', N'1')
GO

INSERT INTO [dbo].[PASSAGE_TACHE] ([ID_PT], [ID_PASSAGE], [ID_TL], [FAIT]) VALUES (N'88', N'24', N'8', N'1')
GO

INSERT INTO [dbo].[PASSAGE_TACHE] ([ID_PT], [ID_PASSAGE], [ID_TL], [FAIT]) VALUES (N'89', N'26', N'9', N'0')
GO

INSERT INTO [dbo].[PASSAGE_TACHE] ([ID_PT], [ID_PASSAGE], [ID_TL], [FAIT]) VALUES (N'90', N'26', N'11', N'0')
GO

INSERT INTO [dbo].[PASSAGE_TACHE] ([ID_PT], [ID_PASSAGE], [ID_TL], [FAIT]) VALUES (N'91', N'26', N'12', N'0')
GO

INSERT INTO [dbo].[PASSAGE_TACHE] ([ID_PT], [ID_PASSAGE], [ID_TL], [FAIT]) VALUES (N'92', N'26', N'13', N'0')
GO

INSERT INTO [dbo].[PASSAGE_TACHE] ([ID_PT], [ID_PASSAGE], [ID_TL], [FAIT]) VALUES (N'93', N'27', N'9', N'1')
GO

INSERT INTO [dbo].[PASSAGE_TACHE] ([ID_PT], [ID_PASSAGE], [ID_TL], [FAIT]) VALUES (N'94', N'27', N'11', N'1')
GO

INSERT INTO [dbo].[PASSAGE_TACHE] ([ID_PT], [ID_PASSAGE], [ID_TL], [FAIT]) VALUES (N'95', N'27', N'12', N'0')
GO

INSERT INTO [dbo].[PASSAGE_TACHE] ([ID_PT], [ID_PASSAGE], [ID_TL], [FAIT]) VALUES (N'96', N'27', N'13', N'0')
GO

INSERT INTO [dbo].[PASSAGE_TACHE] ([ID_PT], [ID_PASSAGE], [ID_TL], [FAIT]) VALUES (N'97', N'28', N'9', N'1')
GO

INSERT INTO [dbo].[PASSAGE_TACHE] ([ID_PT], [ID_PASSAGE], [ID_TL], [FAIT]) VALUES (N'98', N'28', N'11', N'0')
GO

INSERT INTO [dbo].[PASSAGE_TACHE] ([ID_PT], [ID_PASSAGE], [ID_TL], [FAIT]) VALUES (N'99', N'28', N'12', N'0')
GO

INSERT INTO [dbo].[PASSAGE_TACHE] ([ID_PT], [ID_PASSAGE], [ID_TL], [FAIT]) VALUES (N'100', N'28', N'13', N'0')
GO

INSERT INTO [dbo].[PASSAGE_TACHE] ([ID_PT], [ID_PASSAGE], [ID_TL], [FAIT]) VALUES (N'101', N'29', N'9', N'1')
GO

INSERT INTO [dbo].[PASSAGE_TACHE] ([ID_PT], [ID_PASSAGE], [ID_TL], [FAIT]) VALUES (N'102', N'29', N'11', N'0')
GO

INSERT INTO [dbo].[PASSAGE_TACHE] ([ID_PT], [ID_PASSAGE], [ID_TL], [FAIT]) VALUES (N'103', N'29', N'12', N'0')
GO

INSERT INTO [dbo].[PASSAGE_TACHE] ([ID_PT], [ID_PASSAGE], [ID_TL], [FAIT]) VALUES (N'104', N'29', N'13', N'0')
GO

INSERT INTO [dbo].[PASSAGE_TACHE] ([ID_PT], [ID_PASSAGE], [ID_TL], [FAIT]) VALUES (N'105', N'31', N'9', N'1')
GO

INSERT INTO [dbo].[PASSAGE_TACHE] ([ID_PT], [ID_PASSAGE], [ID_TL], [FAIT]) VALUES (N'106', N'31', N'11', N'1')
GO

INSERT INTO [dbo].[PASSAGE_TACHE] ([ID_PT], [ID_PASSAGE], [ID_TL], [FAIT]) VALUES (N'107', N'31', N'12', N'1')
GO

INSERT INTO [dbo].[PASSAGE_TACHE] ([ID_PT], [ID_PASSAGE], [ID_TL], [FAIT]) VALUES (N'108', N'31', N'13', N'1')
GO

INSERT INTO [dbo].[PASSAGE_TACHE] ([ID_PT], [ID_PASSAGE], [ID_TL], [FAIT]) VALUES (N'109', N'34', N'16', N'0')
GO

INSERT INTO [dbo].[PASSAGE_TACHE] ([ID_PT], [ID_PASSAGE], [ID_TL], [FAIT]) VALUES (N'110', N'34', N'20', N'0')
GO

INSERT INTO [dbo].[PASSAGE_TACHE] ([ID_PT], [ID_PASSAGE], [ID_TL], [FAIT]) VALUES (N'111', N'34', N'23', N'0')
GO

INSERT INTO [dbo].[PASSAGE_TACHE] ([ID_PT], [ID_PASSAGE], [ID_TL], [FAIT]) VALUES (N'112', N'35', N'14', N'1')
GO

INSERT INTO [dbo].[PASSAGE_TACHE] ([ID_PT], [ID_PASSAGE], [ID_TL], [FAIT]) VALUES (N'113', N'35', N'17', N'0')
GO

INSERT INTO [dbo].[PASSAGE_TACHE] ([ID_PT], [ID_PASSAGE], [ID_TL], [FAIT]) VALUES (N'114', N'35', N'21', N'0')
GO

INSERT INTO [dbo].[PASSAGE_TACHE] ([ID_PT], [ID_PASSAGE], [ID_TL], [FAIT]) VALUES (N'115', N'35', N'27', N'0')
GO

INSERT INTO [dbo].[PASSAGE_TACHE] ([ID_PT], [ID_PASSAGE], [ID_TL], [FAIT]) VALUES (N'116', N'35', N'28', N'0')
GO

INSERT INTO [dbo].[PASSAGE_TACHE] ([ID_PT], [ID_PASSAGE], [ID_TL], [FAIT]) VALUES (N'117', N'35', N'29', N'0')
GO

INSERT INTO [dbo].[PASSAGE_TACHE] ([ID_PT], [ID_PASSAGE], [ID_TL], [FAIT]) VALUES (N'118', N'35', N'30', N'0')
GO

INSERT INTO [dbo].[PASSAGE_TACHE] ([ID_PT], [ID_PASSAGE], [ID_TL], [FAIT]) VALUES (N'119', N'36', N'9', N'0')
GO

INSERT INTO [dbo].[PASSAGE_TACHE] ([ID_PT], [ID_PASSAGE], [ID_TL], [FAIT]) VALUES (N'120', N'36', N'11', N'1')
GO

INSERT INTO [dbo].[PASSAGE_TACHE] ([ID_PT], [ID_PASSAGE], [ID_TL], [FAIT]) VALUES (N'121', N'36', N'12', N'1')
GO

INSERT INTO [dbo].[PASSAGE_TACHE] ([ID_PT], [ID_PASSAGE], [ID_TL], [FAIT]) VALUES (N'122', N'36', N'13', N'0')
GO

INSERT INTO [dbo].[PASSAGE_TACHE] ([ID_PT], [ID_PASSAGE], [ID_TL], [FAIT]) VALUES (N'123', N'36', N'37', N'0')
GO

INSERT INTO [dbo].[PASSAGE_TACHE] ([ID_PT], [ID_PASSAGE], [ID_TL], [FAIT]) VALUES (N'124', N'37', N'15', N'0')
GO

INSERT INTO [dbo].[PASSAGE_TACHE] ([ID_PT], [ID_PASSAGE], [ID_TL], [FAIT]) VALUES (N'125', N'37', N'19', N'0')
GO

INSERT INTO [dbo].[PASSAGE_TACHE] ([ID_PT], [ID_PASSAGE], [ID_TL], [FAIT]) VALUES (N'126', N'37', N'22', N'0')
GO

INSERT INTO [dbo].[PASSAGE_TACHE] ([ID_PT], [ID_PASSAGE], [ID_TL], [FAIT]) VALUES (N'127', N'37', N'31', N'0')
GO

INSERT INTO [dbo].[PASSAGE_TACHE] ([ID_PT], [ID_PASSAGE], [ID_TL], [FAIT]) VALUES (N'128', N'37', N'32', N'0')
GO

INSERT INTO [dbo].[PASSAGE_TACHE] ([ID_PT], [ID_PASSAGE], [ID_TL], [FAIT]) VALUES (N'129', N'38', N'15', N'1')
GO

INSERT INTO [dbo].[PASSAGE_TACHE] ([ID_PT], [ID_PASSAGE], [ID_TL], [FAIT]) VALUES (N'130', N'38', N'19', N'0')
GO

INSERT INTO [dbo].[PASSAGE_TACHE] ([ID_PT], [ID_PASSAGE], [ID_TL], [FAIT]) VALUES (N'131', N'38', N'22', N'0')
GO

INSERT INTO [dbo].[PASSAGE_TACHE] ([ID_PT], [ID_PASSAGE], [ID_TL], [FAIT]) VALUES (N'132', N'38', N'31', N'0')
GO

INSERT INTO [dbo].[PASSAGE_TACHE] ([ID_PT], [ID_PASSAGE], [ID_TL], [FAIT]) VALUES (N'133', N'38', N'32', N'0')
GO

INSERT INTO [dbo].[PASSAGE_TACHE] ([ID_PT], [ID_PASSAGE], [ID_TL], [FAIT]) VALUES (N'134', N'39', N'9', N'1')
GO

INSERT INTO [dbo].[PASSAGE_TACHE] ([ID_PT], [ID_PASSAGE], [ID_TL], [FAIT]) VALUES (N'135', N'39', N'11', N'1')
GO

INSERT INTO [dbo].[PASSAGE_TACHE] ([ID_PT], [ID_PASSAGE], [ID_TL], [FAIT]) VALUES (N'136', N'39', N'12', N'0')
GO

INSERT INTO [dbo].[PASSAGE_TACHE] ([ID_PT], [ID_PASSAGE], [ID_TL], [FAIT]) VALUES (N'137', N'39', N'13', N'0')
GO

INSERT INTO [dbo].[PASSAGE_TACHE] ([ID_PT], [ID_PASSAGE], [ID_TL], [FAIT]) VALUES (N'138', N'39', N'37', N'0')
GO

INSERT INTO [dbo].[PASSAGE_TACHE] ([ID_PT], [ID_PASSAGE], [ID_TL], [FAIT]) VALUES (N'139', N'40', N'9', N'0')
GO

INSERT INTO [dbo].[PASSAGE_TACHE] ([ID_PT], [ID_PASSAGE], [ID_TL], [FAIT]) VALUES (N'140', N'40', N'11', N'0')
GO

INSERT INTO [dbo].[PASSAGE_TACHE] ([ID_PT], [ID_PASSAGE], [ID_TL], [FAIT]) VALUES (N'141', N'40', N'12', N'0')
GO

INSERT INTO [dbo].[PASSAGE_TACHE] ([ID_PT], [ID_PASSAGE], [ID_TL], [FAIT]) VALUES (N'142', N'40', N'13', N'0')
GO

INSERT INTO [dbo].[PASSAGE_TACHE] ([ID_PT], [ID_PASSAGE], [ID_TL], [FAIT]) VALUES (N'143', N'40', N'37', N'0')
GO

INSERT INTO [dbo].[PASSAGE_TACHE] ([ID_PT], [ID_PASSAGE], [ID_TL], [FAIT]) VALUES (N'144', N'41', N'9', N'0')
GO

INSERT INTO [dbo].[PASSAGE_TACHE] ([ID_PT], [ID_PASSAGE], [ID_TL], [FAIT]) VALUES (N'145', N'41', N'11', N'1')
GO

INSERT INTO [dbo].[PASSAGE_TACHE] ([ID_PT], [ID_PASSAGE], [ID_TL], [FAIT]) VALUES (N'146', N'41', N'12', N'0')
GO

INSERT INTO [dbo].[PASSAGE_TACHE] ([ID_PT], [ID_PASSAGE], [ID_TL], [FAIT]) VALUES (N'147', N'41', N'13', N'0')
GO

INSERT INTO [dbo].[PASSAGE_TACHE] ([ID_PT], [ID_PASSAGE], [ID_TL], [FAIT]) VALUES (N'148', N'41', N'37', N'0')
GO

INSERT INTO [dbo].[PASSAGE_TACHE] ([ID_PT], [ID_PASSAGE], [ID_TL], [FAIT]) VALUES (N'149', N'42', N'14', N'0')
GO

INSERT INTO [dbo].[PASSAGE_TACHE] ([ID_PT], [ID_PASSAGE], [ID_TL], [FAIT]) VALUES (N'150', N'42', N'17', N'0')
GO

INSERT INTO [dbo].[PASSAGE_TACHE] ([ID_PT], [ID_PASSAGE], [ID_TL], [FAIT]) VALUES (N'151', N'42', N'21', N'1')
GO

INSERT INTO [dbo].[PASSAGE_TACHE] ([ID_PT], [ID_PASSAGE], [ID_TL], [FAIT]) VALUES (N'152', N'42', N'27', N'1')
GO

INSERT INTO [dbo].[PASSAGE_TACHE] ([ID_PT], [ID_PASSAGE], [ID_TL], [FAIT]) VALUES (N'153', N'42', N'28', N'0')
GO

INSERT INTO [dbo].[PASSAGE_TACHE] ([ID_PT], [ID_PASSAGE], [ID_TL], [FAIT]) VALUES (N'154', N'42', N'29', N'0')
GO

INSERT INTO [dbo].[PASSAGE_TACHE] ([ID_PT], [ID_PASSAGE], [ID_TL], [FAIT]) VALUES (N'155', N'42', N'30', N'0')
GO

INSERT INTO [dbo].[PASSAGE_TACHE] ([ID_PT], [ID_PASSAGE], [ID_TL], [FAIT]) VALUES (N'156', N'43', N'16', N'0')
GO

INSERT INTO [dbo].[PASSAGE_TACHE] ([ID_PT], [ID_PASSAGE], [ID_TL], [FAIT]) VALUES (N'157', N'43', N'20', N'0')
GO

INSERT INTO [dbo].[PASSAGE_TACHE] ([ID_PT], [ID_PASSAGE], [ID_TL], [FAIT]) VALUES (N'158', N'43', N'23', N'0')
GO

INSERT INTO [dbo].[PASSAGE_TACHE] ([ID_PT], [ID_PASSAGE], [ID_TL], [FAIT]) VALUES (N'159', N'44', N'1', N'0')
GO

INSERT INTO [dbo].[PASSAGE_TACHE] ([ID_PT], [ID_PASSAGE], [ID_TL], [FAIT]) VALUES (N'160', N'44', N'2', N'0')
GO

INSERT INTO [dbo].[PASSAGE_TACHE] ([ID_PT], [ID_PASSAGE], [ID_TL], [FAIT]) VALUES (N'161', N'44', N'3', N'0')
GO

INSERT INTO [dbo].[PASSAGE_TACHE] ([ID_PT], [ID_PASSAGE], [ID_TL], [FAIT]) VALUES (N'162', N'44', N'4', N'0')
GO

INSERT INTO [dbo].[PASSAGE_TACHE] ([ID_PT], [ID_PASSAGE], [ID_TL], [FAIT]) VALUES (N'163', N'44', N'24', N'0')
GO

INSERT INTO [dbo].[PASSAGE_TACHE] ([ID_PT], [ID_PASSAGE], [ID_TL], [FAIT]) VALUES (N'164', N'44', N'25', N'0')
GO

INSERT INTO [dbo].[PASSAGE_TACHE] ([ID_PT], [ID_PASSAGE], [ID_TL], [FAIT]) VALUES (N'165', N'44', N'26', N'0')
GO

INSERT INTO [dbo].[PASSAGE_TACHE] ([ID_PT], [ID_PASSAGE], [ID_TL], [FAIT]) VALUES (N'166', N'45', N'1', N'0')
GO

INSERT INTO [dbo].[PASSAGE_TACHE] ([ID_PT], [ID_PASSAGE], [ID_TL], [FAIT]) VALUES (N'167', N'45', N'2', N'0')
GO

INSERT INTO [dbo].[PASSAGE_TACHE] ([ID_PT], [ID_PASSAGE], [ID_TL], [FAIT]) VALUES (N'168', N'45', N'3', N'0')
GO

INSERT INTO [dbo].[PASSAGE_TACHE] ([ID_PT], [ID_PASSAGE], [ID_TL], [FAIT]) VALUES (N'169', N'45', N'4', N'0')
GO

INSERT INTO [dbo].[PASSAGE_TACHE] ([ID_PT], [ID_PASSAGE], [ID_TL], [FAIT]) VALUES (N'170', N'45', N'24', N'0')
GO

INSERT INTO [dbo].[PASSAGE_TACHE] ([ID_PT], [ID_PASSAGE], [ID_TL], [FAIT]) VALUES (N'171', N'45', N'25', N'0')
GO

INSERT INTO [dbo].[PASSAGE_TACHE] ([ID_PT], [ID_PASSAGE], [ID_TL], [FAIT]) VALUES (N'172', N'45', N'26', N'0')
GO

INSERT INTO [dbo].[PASSAGE_TACHE] ([ID_PT], [ID_PASSAGE], [ID_TL], [FAIT]) VALUES (N'173', N'46', N'14', N'0')
GO

INSERT INTO [dbo].[PASSAGE_TACHE] ([ID_PT], [ID_PASSAGE], [ID_TL], [FAIT]) VALUES (N'174', N'46', N'17', N'0')
GO

INSERT INTO [dbo].[PASSAGE_TACHE] ([ID_PT], [ID_PASSAGE], [ID_TL], [FAIT]) VALUES (N'175', N'46', N'21', N'0')
GO

INSERT INTO [dbo].[PASSAGE_TACHE] ([ID_PT], [ID_PASSAGE], [ID_TL], [FAIT]) VALUES (N'176', N'46', N'27', N'0')
GO

INSERT INTO [dbo].[PASSAGE_TACHE] ([ID_PT], [ID_PASSAGE], [ID_TL], [FAIT]) VALUES (N'177', N'46', N'28', N'1')
GO

INSERT INTO [dbo].[PASSAGE_TACHE] ([ID_PT], [ID_PASSAGE], [ID_TL], [FAIT]) VALUES (N'178', N'46', N'29', N'1')
GO

INSERT INTO [dbo].[PASSAGE_TACHE] ([ID_PT], [ID_PASSAGE], [ID_TL], [FAIT]) VALUES (N'179', N'46', N'30', N'0')
GO

INSERT INTO [dbo].[PASSAGE_TACHE] ([ID_PT], [ID_PASSAGE], [ID_TL], [FAIT]) VALUES (N'180', N'47', N'51', N'1')
GO

INSERT INTO [dbo].[PASSAGE_TACHE] ([ID_PT], [ID_PASSAGE], [ID_TL], [FAIT]) VALUES (N'181', N'47', N'52', N'1')
GO

INSERT INTO [dbo].[PASSAGE_TACHE] ([ID_PT], [ID_PASSAGE], [ID_TL], [FAIT]) VALUES (N'182', N'47', N'53', N'0')
GO

INSERT INTO [dbo].[PASSAGE_TACHE] ([ID_PT], [ID_PASSAGE], [ID_TL], [FAIT]) VALUES (N'183', N'48', N'51', N'0')
GO

INSERT INTO [dbo].[PASSAGE_TACHE] ([ID_PT], [ID_PASSAGE], [ID_TL], [FAIT]) VALUES (N'184', N'48', N'52', N'0')
GO

INSERT INTO [dbo].[PASSAGE_TACHE] ([ID_PT], [ID_PASSAGE], [ID_TL], [FAIT]) VALUES (N'185', N'48', N'53', N'0')
GO

INSERT INTO [dbo].[PASSAGE_TACHE] ([ID_PT], [ID_PASSAGE], [ID_TL], [FAIT]) VALUES (N'186', N'48', N'57', N'1')
GO

INSERT INTO [dbo].[PASSAGE_TACHE] ([ID_PT], [ID_PASSAGE], [ID_TL], [FAIT]) VALUES (N'187', N'49', N'51', N'1')
GO

INSERT INTO [dbo].[PASSAGE_TACHE] ([ID_PT], [ID_PASSAGE], [ID_TL], [FAIT]) VALUES (N'188', N'49', N'52', N'1')
GO

INSERT INTO [dbo].[PASSAGE_TACHE] ([ID_PT], [ID_PASSAGE], [ID_TL], [FAIT]) VALUES (N'189', N'49', N'53', N'1')
GO

INSERT INTO [dbo].[PASSAGE_TACHE] ([ID_PT], [ID_PASSAGE], [ID_TL], [FAIT]) VALUES (N'190', N'49', N'57', N'1')
GO

INSERT INTO [dbo].[PASSAGE_TACHE] ([ID_PT], [ID_PASSAGE], [ID_TL], [FAIT]) VALUES (N'191', N'50', N'51', N'0')
GO

INSERT INTO [dbo].[PASSAGE_TACHE] ([ID_PT], [ID_PASSAGE], [ID_TL], [FAIT]) VALUES (N'192', N'50', N'52', N'0')
GO

INSERT INTO [dbo].[PASSAGE_TACHE] ([ID_PT], [ID_PASSAGE], [ID_TL], [FAIT]) VALUES (N'193', N'50', N'53', N'0')
GO

INSERT INTO [dbo].[PASSAGE_TACHE] ([ID_PT], [ID_PASSAGE], [ID_TL], [FAIT]) VALUES (N'194', N'50', N'57', N'0')
GO

INSERT INTO [dbo].[PASSAGE_TACHE] ([ID_PT], [ID_PASSAGE], [ID_TL], [FAIT]) VALUES (N'195', N'51', N'51', N'0')
GO

INSERT INTO [dbo].[PASSAGE_TACHE] ([ID_PT], [ID_PASSAGE], [ID_TL], [FAIT]) VALUES (N'196', N'51', N'52', N'0')
GO

INSERT INTO [dbo].[PASSAGE_TACHE] ([ID_PT], [ID_PASSAGE], [ID_TL], [FAIT]) VALUES (N'197', N'51', N'53', N'0')
GO

INSERT INTO [dbo].[PASSAGE_TACHE] ([ID_PT], [ID_PASSAGE], [ID_TL], [FAIT]) VALUES (N'198', N'51', N'57', N'1')
GO

INSERT INTO [dbo].[PASSAGE_TACHE] ([ID_PT], [ID_PASSAGE], [ID_TL], [FAIT]) VALUES (N'199', N'52', N'51', N'0')
GO

INSERT INTO [dbo].[PASSAGE_TACHE] ([ID_PT], [ID_PASSAGE], [ID_TL], [FAIT]) VALUES (N'200', N'52', N'52', N'0')
GO

INSERT INTO [dbo].[PASSAGE_TACHE] ([ID_PT], [ID_PASSAGE], [ID_TL], [FAIT]) VALUES (N'201', N'52', N'53', N'1')
GO

INSERT INTO [dbo].[PASSAGE_TACHE] ([ID_PT], [ID_PASSAGE], [ID_TL], [FAIT]) VALUES (N'202', N'52', N'57', N'1')
GO

INSERT INTO [dbo].[PASSAGE_TACHE] ([ID_PT], [ID_PASSAGE], [ID_TL], [FAIT]) VALUES (N'203', N'53', N'51', N'1')
GO

INSERT INTO [dbo].[PASSAGE_TACHE] ([ID_PT], [ID_PASSAGE], [ID_TL], [FAIT]) VALUES (N'204', N'53', N'52', N'0')
GO

INSERT INTO [dbo].[PASSAGE_TACHE] ([ID_PT], [ID_PASSAGE], [ID_TL], [FAIT]) VALUES (N'205', N'53', N'53', N'0')
GO

INSERT INTO [dbo].[PASSAGE_TACHE] ([ID_PT], [ID_PASSAGE], [ID_TL], [FAIT]) VALUES (N'206', N'53', N'57', N'0')
GO

INSERT INTO [dbo].[PASSAGE_TACHE] ([ID_PT], [ID_PASSAGE], [ID_TL], [FAIT]) VALUES (N'207', N'54', N'51', N'0')
GO

INSERT INTO [dbo].[PASSAGE_TACHE] ([ID_PT], [ID_PASSAGE], [ID_TL], [FAIT]) VALUES (N'208', N'54', N'52', N'1')
GO

INSERT INTO [dbo].[PASSAGE_TACHE] ([ID_PT], [ID_PASSAGE], [ID_TL], [FAIT]) VALUES (N'209', N'54', N'53', N'1')
GO

INSERT INTO [dbo].[PASSAGE_TACHE] ([ID_PT], [ID_PASSAGE], [ID_TL], [FAIT]) VALUES (N'210', N'54', N'57', N'0')
GO

INSERT INTO [dbo].[PASSAGE_TACHE] ([ID_PT], [ID_PASSAGE], [ID_TL], [FAIT]) VALUES (N'211', N'55', N'51', N'0')
GO

INSERT INTO [dbo].[PASSAGE_TACHE] ([ID_PT], [ID_PASSAGE], [ID_TL], [FAIT]) VALUES (N'212', N'55', N'52', N'0')
GO

INSERT INTO [dbo].[PASSAGE_TACHE] ([ID_PT], [ID_PASSAGE], [ID_TL], [FAIT]) VALUES (N'213', N'55', N'53', N'1')
GO

INSERT INTO [dbo].[PASSAGE_TACHE] ([ID_PT], [ID_PASSAGE], [ID_TL], [FAIT]) VALUES (N'214', N'55', N'57', N'1')
GO

INSERT INTO [dbo].[PASSAGE_TACHE] ([ID_PT], [ID_PASSAGE], [ID_TL], [FAIT]) VALUES (N'215', N'56', N'15', N'0')
GO

INSERT INTO [dbo].[PASSAGE_TACHE] ([ID_PT], [ID_PASSAGE], [ID_TL], [FAIT]) VALUES (N'216', N'56', N'19', N'0')
GO

INSERT INTO [dbo].[PASSAGE_TACHE] ([ID_PT], [ID_PASSAGE], [ID_TL], [FAIT]) VALUES (N'217', N'56', N'22', N'0')
GO

INSERT INTO [dbo].[PASSAGE_TACHE] ([ID_PT], [ID_PASSAGE], [ID_TL], [FAIT]) VALUES (N'218', N'56', N'31', N'0')
GO

INSERT INTO [dbo].[PASSAGE_TACHE] ([ID_PT], [ID_PASSAGE], [ID_TL], [FAIT]) VALUES (N'219', N'56', N'32', N'0')
GO

INSERT INTO [dbo].[PASSAGE_TACHE] ([ID_PT], [ID_PASSAGE], [ID_TL], [FAIT]) VALUES (N'220', N'57', N'15', N'1')
GO

INSERT INTO [dbo].[PASSAGE_TACHE] ([ID_PT], [ID_PASSAGE], [ID_TL], [FAIT]) VALUES (N'221', N'57', N'19', N'1')
GO

INSERT INTO [dbo].[PASSAGE_TACHE] ([ID_PT], [ID_PASSAGE], [ID_TL], [FAIT]) VALUES (N'222', N'57', N'22', N'0')
GO

INSERT INTO [dbo].[PASSAGE_TACHE] ([ID_PT], [ID_PASSAGE], [ID_TL], [FAIT]) VALUES (N'223', N'57', N'31', N'0')
GO

INSERT INTO [dbo].[PASSAGE_TACHE] ([ID_PT], [ID_PASSAGE], [ID_TL], [FAIT]) VALUES (N'224', N'57', N'32', N'0')
GO

INSERT INTO [dbo].[PASSAGE_TACHE] ([ID_PT], [ID_PASSAGE], [ID_TL], [FAIT]) VALUES (N'225', N'58', N'14', N'0')
GO

INSERT INTO [dbo].[PASSAGE_TACHE] ([ID_PT], [ID_PASSAGE], [ID_TL], [FAIT]) VALUES (N'226', N'58', N'17', N'0')
GO

INSERT INTO [dbo].[PASSAGE_TACHE] ([ID_PT], [ID_PASSAGE], [ID_TL], [FAIT]) VALUES (N'227', N'58', N'21', N'0')
GO

INSERT INTO [dbo].[PASSAGE_TACHE] ([ID_PT], [ID_PASSAGE], [ID_TL], [FAIT]) VALUES (N'228', N'58', N'27', N'0')
GO

INSERT INTO [dbo].[PASSAGE_TACHE] ([ID_PT], [ID_PASSAGE], [ID_TL], [FAIT]) VALUES (N'229', N'58', N'28', N'0')
GO

INSERT INTO [dbo].[PASSAGE_TACHE] ([ID_PT], [ID_PASSAGE], [ID_TL], [FAIT]) VALUES (N'230', N'58', N'29', N'0')
GO

INSERT INTO [dbo].[PASSAGE_TACHE] ([ID_PT], [ID_PASSAGE], [ID_TL], [FAIT]) VALUES (N'231', N'58', N'30', N'0')
GO

INSERT INTO [dbo].[PASSAGE_TACHE] ([ID_PT], [ID_PASSAGE], [ID_TL], [FAIT]) VALUES (N'232', N'59', N'14', N'0')
GO

INSERT INTO [dbo].[PASSAGE_TACHE] ([ID_PT], [ID_PASSAGE], [ID_TL], [FAIT]) VALUES (N'233', N'59', N'17', N'1')
GO

INSERT INTO [dbo].[PASSAGE_TACHE] ([ID_PT], [ID_PASSAGE], [ID_TL], [FAIT]) VALUES (N'234', N'59', N'21', N'0')
GO

INSERT INTO [dbo].[PASSAGE_TACHE] ([ID_PT], [ID_PASSAGE], [ID_TL], [FAIT]) VALUES (N'235', N'59', N'27', N'0')
GO

INSERT INTO [dbo].[PASSAGE_TACHE] ([ID_PT], [ID_PASSAGE], [ID_TL], [FAIT]) VALUES (N'236', N'59', N'28', N'0')
GO

INSERT INTO [dbo].[PASSAGE_TACHE] ([ID_PT], [ID_PASSAGE], [ID_TL], [FAIT]) VALUES (N'237', N'59', N'29', N'0')
GO

INSERT INTO [dbo].[PASSAGE_TACHE] ([ID_PT], [ID_PASSAGE], [ID_TL], [FAIT]) VALUES (N'238', N'59', N'30', N'0')
GO

INSERT INTO [dbo].[PASSAGE_TACHE] ([ID_PT], [ID_PASSAGE], [ID_TL], [FAIT]) VALUES (N'239', N'60', N'15', N'0')
GO

INSERT INTO [dbo].[PASSAGE_TACHE] ([ID_PT], [ID_PASSAGE], [ID_TL], [FAIT]) VALUES (N'240', N'60', N'19', N'0')
GO

INSERT INTO [dbo].[PASSAGE_TACHE] ([ID_PT], [ID_PASSAGE], [ID_TL], [FAIT]) VALUES (N'241', N'60', N'22', N'0')
GO

INSERT INTO [dbo].[PASSAGE_TACHE] ([ID_PT], [ID_PASSAGE], [ID_TL], [FAIT]) VALUES (N'242', N'60', N'31', N'0')
GO

INSERT INTO [dbo].[PASSAGE_TACHE] ([ID_PT], [ID_PASSAGE], [ID_TL], [FAIT]) VALUES (N'243', N'60', N'32', N'0')
GO

INSERT INTO [dbo].[PASSAGE_TACHE] ([ID_PT], [ID_PASSAGE], [ID_TL], [FAIT]) VALUES (N'244', N'61', N'14', N'0')
GO

INSERT INTO [dbo].[PASSAGE_TACHE] ([ID_PT], [ID_PASSAGE], [ID_TL], [FAIT]) VALUES (N'245', N'61', N'17', N'0')
GO

INSERT INTO [dbo].[PASSAGE_TACHE] ([ID_PT], [ID_PASSAGE], [ID_TL], [FAIT]) VALUES (N'246', N'61', N'21', N'0')
GO

INSERT INTO [dbo].[PASSAGE_TACHE] ([ID_PT], [ID_PASSAGE], [ID_TL], [FAIT]) VALUES (N'247', N'61', N'27', N'0')
GO

INSERT INTO [dbo].[PASSAGE_TACHE] ([ID_PT], [ID_PASSAGE], [ID_TL], [FAIT]) VALUES (N'248', N'61', N'28', N'1')
GO

INSERT INTO [dbo].[PASSAGE_TACHE] ([ID_PT], [ID_PASSAGE], [ID_TL], [FAIT]) VALUES (N'249', N'61', N'29', N'1')
GO

INSERT INTO [dbo].[PASSAGE_TACHE] ([ID_PT], [ID_PASSAGE], [ID_TL], [FAIT]) VALUES (N'250', N'61', N'30', N'0')
GO

INSERT INTO [dbo].[PASSAGE_TACHE] ([ID_PT], [ID_PASSAGE], [ID_TL], [FAIT]) VALUES (N'251', N'62', N'14', N'0')
GO

INSERT INTO [dbo].[PASSAGE_TACHE] ([ID_PT], [ID_PASSAGE], [ID_TL], [FAIT]) VALUES (N'252', N'62', N'17', N'1')
GO

INSERT INTO [dbo].[PASSAGE_TACHE] ([ID_PT], [ID_PASSAGE], [ID_TL], [FAIT]) VALUES (N'253', N'62', N'21', N'0')
GO

INSERT INTO [dbo].[PASSAGE_TACHE] ([ID_PT], [ID_PASSAGE], [ID_TL], [FAIT]) VALUES (N'254', N'62', N'27', N'1')
GO

INSERT INTO [dbo].[PASSAGE_TACHE] ([ID_PT], [ID_PASSAGE], [ID_TL], [FAIT]) VALUES (N'255', N'62', N'28', N'0')
GO

INSERT INTO [dbo].[PASSAGE_TACHE] ([ID_PT], [ID_PASSAGE], [ID_TL], [FAIT]) VALUES (N'256', N'62', N'29', N'0')
GO

INSERT INTO [dbo].[PASSAGE_TACHE] ([ID_PT], [ID_PASSAGE], [ID_TL], [FAIT]) VALUES (N'257', N'62', N'30', N'0')
GO

INSERT INTO [dbo].[PASSAGE_TACHE] ([ID_PT], [ID_PASSAGE], [ID_TL], [FAIT]) VALUES (N'258', N'63', N'15', N'0')
GO

INSERT INTO [dbo].[PASSAGE_TACHE] ([ID_PT], [ID_PASSAGE], [ID_TL], [FAIT]) VALUES (N'259', N'63', N'19', N'0')
GO

INSERT INTO [dbo].[PASSAGE_TACHE] ([ID_PT], [ID_PASSAGE], [ID_TL], [FAIT]) VALUES (N'260', N'63', N'22', N'1')
GO

INSERT INTO [dbo].[PASSAGE_TACHE] ([ID_PT], [ID_PASSAGE], [ID_TL], [FAIT]) VALUES (N'261', N'63', N'31', N'1')
GO

INSERT INTO [dbo].[PASSAGE_TACHE] ([ID_PT], [ID_PASSAGE], [ID_TL], [FAIT]) VALUES (N'262', N'63', N'32', N'0')
GO

SET IDENTITY_INSERT [dbo].[PASSAGE_TACHE] OFF
GO


-- ----------------------------
-- Table structure for ROLE
-- ----------------------------
IF EXISTS (SELECT * FROM sys.all_objects WHERE object_id = OBJECT_ID(N'[dbo].[ROLE]') AND type IN ('U'))
	DROP TABLE [dbo].[ROLE]
GO

CREATE TABLE [dbo].[ROLE] (
  [ROLE] nvarchar(10) COLLATE French_CI_AS  NOT NULL
)
GO

ALTER TABLE [dbo].[ROLE] SET (LOCK_ESCALATION = TABLE)
GO


-- ----------------------------
-- Table structure for sysdiagrams
-- ----------------------------
IF EXISTS (SELECT * FROM sys.all_objects WHERE object_id = OBJECT_ID(N'[dbo].[sysdiagrams]') AND type IN ('U'))
	DROP TABLE [dbo].[sysdiagrams]
GO

CREATE TABLE [dbo].[sysdiagrams] (
  [name] sysname  NOT NULL,
  [principal_id] int  NOT NULL,
  [diagram_id] int  IDENTITY(1,1) NOT NULL,
  [version] int  NULL,
  [definition] varbinary(max)  NULL
)
GO

ALTER TABLE [dbo].[sysdiagrams] SET (LOCK_ESCALATION = TABLE)
GO


-- ----------------------------
-- Records of sysdiagrams
-- ----------------------------
SET IDENTITY_INSERT [dbo].[sysdiagrams] ON
GO

INSERT INTO [dbo].[sysdiagrams] ([name], [principal_id], [diagram_id], [version], [definition]) VALUES (N'Diagram_ClinoTag', N'1', N'1', N'1', 0xD0CF11E0A1B11AE1000000000000000000000000000000003E000300FEFF0900060000000000000000000000010000000100000000000000001000004200000001000000FEFFFFFF0000000000000000FFFFFFFFFFFFFFFFFFFFFFFFFFFFFFFFFFFFFFFFFFFFFFFFFFFFFFFFFFFFFFFFFFFFFFFFFFFFFFFFFFFFFFFFFFFFFFFFFFFFFFFFFFFFFFFFFFFFFFFFFFFFFFFFFFFFFFFFFFFFFFFFFFFFFFFFFFFFFFFFFFFFFFFFFFFFFFFFFFFFFFFFFFFFFFFFFFFFFFFFFFFFFFFFFFFFFFFFFFFFFFFFFFFFFFFFFFFFFFFFFFFFFFFFFFFFFFFFFFFFFFFFFFFFFFFFFFFFFFFFFFFFFFFFFFFFFFFFFFFFFFFFFFFFFFFFFFFFFFFFFFFFFFFFFFFFFFFFFFFFFFFFFFFFFFFFFFFFFFFFFFFFFFFFFFFFFFFFFFFFFFFFFFFFFFFFFFFFFFFFFFFFFFFFFFFFFFFFFFFFFFFFFFFFFFFFFFFFFFFFFFFFFFFFFFFFFFFFFFFFFFFFFFFFFFFFFFFFFFFFFFFFFFFFFFFFFFFFFFFFFFFFFFFFFFFFFFFFFFFFFFFFFFFFFFFFFFFFFFFFFFFFFFFFFFFFFFFFFFFFFFFFFFFFFFFFFFFFFFFFFFFFFFFFFFFFFFFFFFFFFFFFFFFFFFFFFFFFFFFFFFFFFFFFFFFFFFFFFFFFFFFFFFFFFFFFFFFFFFFFFFFFFFFFFFFFFFFFFFFFFFFFFFFFFFFFFFFFFFFFFFFFFFFFFFFFFFFFFFFFFFFFFFFFFFFFFFFFFFFFFFFFFFFFFFFFFFFFFFFFFFFFFFFFFFFFFFFFFFFFFFFFFFFFFFFFFFFFFFFFFFFFFFFFFFFFFFFFFFFFFFFFFFFFFFFFFFFFFFFFFFFFFFFFFFFFFFFFFFFFFFFFFDFFFFFF46000000030000000400000005000000060000000700000008000000090000000A0000000B0000000C0000000D0000000E0000000F000000100000001100000012000000130000001400000015000000160000001700000018000000190000001A0000001B0000001C0000001D0000001E0000001F000000200000002100000022000000230000002400000025000000260000002700000028000000290000002A0000002B0000002C0000002D0000002E0000002F000000300000003100000032000000330000003400000035000000360000003700000038000000390000003A0000003B0000003C0000003D0000003E0000003F0000004000000041000000FEFFFFFFFEFFFFFF4400000045000000FEFFFFFFFEFFFFFFFFFFFFFFFFFFFFFFFFFFFFFFFFFFFFFFFFFFFFFFFFFFFFFFFFFFFFFFFFFFFFFFFFFFFFFFFFFFFFFFFFFFFFFFFFFFFFFFFFFFFFFFFFFFFFFFFFFFFFFFFFFFFFFFFFFFFFFFFFFFFFFFFFFFFFFFFFFFFFFFFFFFFFFFFFFFFFFFFFFFFFFFFFFFFFFFFFFFFFFFFFFFFFFFFFFFFFFFFFFFFFFFFFFFFFFFFFFFFFFFFFFFFFFFFFFFFFFFFFFFFFFFFFFFFFFFFFFFFFFFFFFFFFFFFFFFFFFFFFFFFFFFFFFFFFFFFFFFFFFFFFFFFFFFFFFFFFFFFFFFFFFFFFFFFFFFFFFFFFFFFFFFFFFFFFFFFFFFFFFFFFFFFFFFFFFFFFFFFFFFFFFFFFFFFFFFFFFFFFFFFFFFFFFFFFFFFFFFFFFFFFFFFFFFFFFFFFFF52006F006F007400200045006E00740072007900000000000000000000000000000000000000000000000000000000000000000000000000000000000000000016000500FFFFFFFFFFFFFFFF0200000000000000000000000000000000000000000000000000000000000000804DB40E3EF7D80143000000800400000000000044006400730058004D004C00530074007200650061006D00000000000000000000000000000000000000000000000000000000000000000000000000000000001A000201FFFFFFFFFFFFFFFFFFFFFFFF00000000000000000000000000000000000000000000000000000000000000000000000002000000227F00000000000053006300680065006D00610020005500440056002000440065006600610075006C00740000000000000000000000000000000000000000000000000000000000260002010100000003000000FFFFFFFF000000000000000000000000000000000000000000000000000000000000000000000000000000001600000000000000440053005200450046002D0053004300480045004D0041002D0043004F004E00540045004E0054005300000000000000000000000000000000000000000000002C000201FFFFFFFF04000000FFFFFFFF00000000000000000000000000000000000000000000000000000000000000000000000001000000DE030000000000003C6464733E3C6469616772616D20666F6E74636C7369643D227B37374432433932442D373737392D313144382D393037302D3030303635423834304439437D22206D6F75736569636F6E636C7369643D227B30424533353230342D384639312D313143452D394445332D3030414130303442423835317D222064656661756C746C61796F75743D224D534444532E52656374696C696E656172222064656661756C746C696E65726F7574653D224D534444532E52656374696C696E656172222076657273696F6E3D223722206E6578746F626A6563743D22323222207363616C653D22313030222070616765627265616B616E63686F72783D2230222070616765627265616B616E63686F72793D2230222070616765627265616B73697A65783D2230222070616765627265616B73697A65793D223022207363726F6C6C6C6566743D223022207363726F6C6C746F703D222D31303633222067726964783D22313530222067726964793D2231353022206D617267696E783D223530303022206D617267696E793D223530303022207A6F6F6D3D223130302220783D2233323837322220793D22313634363822206261636B636F6C6F723D222D32313437343833363433222064656661756C7470657273697374656E63653D223322205072696E74506167654E756D626572734D6F64653D223322205072696E744D617267696E546F703D223022205072696E744D617267696E426F74746F6D3D2236333522205072696E744D617267696E4C6566743D223022205072696E744D617267696E52696768743D223022206D61727175656573656C656374696F6E6D6F64653D223122206D6F757365706F696E7465723D22302220736E6170746F677269643D223122206175746F74797065616E6E6F746174696F6E3D2231222073686F777363726F6C6C626172733D223122207669657770616765627265616B733D22302220646F6E6F74666F726365636F6E6E6563746F7273626568696E647368617065733D223122206261636B70696374757265636C7369643D227B30303030303030302D303030302D303030302D303030302D3030303030303030303030307D223E3C666F6E743E3C646473786D6C6F626A65637473747265616D777261707065722062696E6172793D22303030303038303033303030303030303030303230303030222F3E3C2F666F6E743E3C6D6F75736569636F6E3E3C646473786D6C6F626A65637473747265616D777261707065722062696E6172793D2236633734303030303030303030303030222F3E3C2F6D6F75736569636F6E3E3C2F6469616772616D3E3C6C61796F75746D616E616765723E3C646473786D6C6F626A3E3C70726F7065727479206E616D653D227363685F6C6162656C735F76697369626C65222076616C75653D22302220766172747970653D223131222F3E3C2F646473786D6C6F626A3E3C2F6C61796F75746D616E616765723E3C646473636F6E74726F6C20636F6E74726F6C70726F6769643D227B36323341433037352D324337372D343837332D383833442D3933304234333634423442437D2220746F6F6C7469703D224147454E5422206C6566743D2231383435302220746F703D223132303022206C6F676963616C69643D22312220636F6E74726F6C69643D223122206D617374657269643D2230222068696E74313D2230222068696E74323D2230222077696474683D223638353822206865696768743D223239303022206E6F726573697A653D223022206E6F6D6F76653D223022206E6F64656661756C74617474616368706F696E74733D223022206175746F647261673D2230222075736564656661756C7469646473686170653D2230222073656C65637461626C653D2231222073686F7773656C656374696F6E68616E646C65733D22302220616C6C6F776E756467696E673D223122206973616E6E6F746174696F6E3D22302220646F6E746175746F6C61796F75743D2230222067726F7570636F6C6C61707365643D2230222074616273746F703D2231222076697369626C653D22312220736E6170746F677269643D2231223E3C636F6E74726F6C3E3C646473786D6C6F626A65637473747265616D696E6974777261707065722062696E6172793D2232313433333431323038303030303030636131613030303035343062303030303738353633343132303730303030303031343031303030303431303034373030343530303465303035343030303030303032303030303030323430313030303030303030303030303030303030303030323430303030303030323030303030303033303030303030303430303030303030383030303030303030303030303030303030303030303032343030303030306664666666666666303330303030303030343030303030303034303030303030303030303030303030303030303030303234303030303030303030303030303030303030303030303031303030303030303430303030303030303030303030303234303030303030373830303030303030303030303030303030303030303030303630303030303030343030303030303030303030303030323430303030303038333030303030303032303030303030303330303030303030353030303030303063303030303030303030303030303036613030303030306464303030303030303530303030303030333030303030303035303030303030643066666666666630303030303030303234303030303030663730303030303066646666666666663033303030303030303530303030303030383030303030303030303030303030323430303030303030343031303030303031303030303030303330303030303030353030303030303030303030303030303030303030303030313030303030303035303030303030353430303030303032633030303030303263303030303030326330303030303033343030303030303030303030303030303030303030303038333333303030306331313430303030303030303030303032643031303030303037303030303030306330303030303030373030303030303163303130303030393430623030303037383039303030303338303430303030343030353030303061383033303030303534303630303030653030373030303062633034303030306530303730303030666330393030303064383036303030303030303030303030303130303030303063613161303030303534306230303030303030303030303030333030303030303033303030303030303230303030303030323030303030303163303130303030383030643030303030303030303030303031303030303030376231373030303035633037303030303030303030303030303230303030303030323030303030303032303030303030303230303030303031633031303030303934306230303030303130303030303030303030303030303762313730303030653530323030303030303030303030303030303030303030303030303030303030323030303030303032303030303030316330313030303039343062303030303030303030303030303030303030303061633365303030303236323230303030303030303030303030303030303030303064303030303030303430303030303030343030303030303163303130303030393430623030303062303064303030303730303830303030373835363334313230343030303030303534303030303030303130303030303030313030303030303062303030303030303030303030303030313030303030303032303030303030303330303030303030343030303030303035303030303030303630303030303030373030303030303038303030303030303930303030303030613030303030303034303030303030363430303632303036663030303030303036303030303030343130303437303034353030346530303534303030303030222F3E3C2F636F6E74726F6C3E3C6C61796F75746F626A6563743E3C646473786D6C6F626A3E3C70726F7065727479206E616D653D224163746976655461626C65566965774D6F6465222076616C75653D22312220766172747970653D2238222F3E3C70726F7065727479206E616D653D225461626C65566965774D6F64653A30222076616C75653D22342C302C3238342C302C323936342C312C323432342C352C313632302220766172747970653D2238222F3E3C70726F7065727479206E616D653D225461626C65566965774D6F64653A31222076616C75653D22322C302C3238342C302C333435362220766172747970653D2238222F3E3C70726F7065727479206E616D653D225461626C65566965774D6F64653A32222076616C75653D22322C302C3238342C302C323936342220766172747970653D2238222F3E3C70726F7065727479206E616D653D225461626C65566965774D6F64653A33222076616C75653D22322C302C3238342C302C323936342220766172747970653D2238222F3E3C70726F7065727479206E616D653D225461626C65566965774D6F64653A34222076616C75653D22342C302C3238342C302C323936342C31322C333530342C31312C323136302220766172747970653D2238222F3E3C2F646473786D6C6F626A3E3C2F6C61796F75746F626A6563743E3C73686170652067726F7570736861706569643D2230222067726F75706E6F64653D2230222F3E3C2F646473636F6E74726F6C3E3C646473636F6E74726F6C20636F6E74726F6C70726F6769643D227B36323341433037352D324337372D343837332D383833442D3933304234333634423442437D2220746F6F6C7469703D22434C49454E5422206C6566743D22313635302220746F703D22313038303022206C6F676963616C69643D22322220636F6E74726F6C69643D223222206D617374657269643D2230222068696E74313D2230222068696E74323D2230222077696474683D223638353822206865696768743D223233303722206E6F726573697A653D223022206E6F6D6F76653D223022206E6F64656661756C74617474616368706F696E74733D223022206175746F647261673D2230222075736564656661756C7469646473686170653D2230222073656C65637461626C653D2231222073686F7773656C656374696F6E68616E646C65733D22302220616C6C6F776E756467696E673D223122206973616E6E6F746174696F6E3D22302220646F6E746175746F6C61796F75743D2230222067726F7570636F6C6C61707365643D2230222074616273746F703D2231222076697369626C653D22312220736E6170746F677269643D2231223E3C636F6E74726F6C3E3C646473786D6C6F626A65637473747265616D696E6974777261707065722062696E6172793D223231343333343132303830303030303063613161303030303033303930303030373835363334313230373030303030303134303130303030343330303463303034393030343530303465303035343030303030303030303031313031303030303030303030303030303030303030303032343030303030303032303030303030303330303030303030343030303030303038303030303030303030303030303030303030303030303234303030303030666466666666666630333030303030303034303030303030303430303030303030303030303030303030303030303030323430303030303030303030303030303030303030303030303130303030303030343030303030303030303030303030323430303030303037343030303030303030303030303030303030303030303030363030303030303034303030303030303030303030303032343030303030303766303030303030303230303030303030333030303030303035303030303030306330303030303030303030303030303636303030303030636130303030303030353030303030303033303030303030303530303030303064306666666666663030303030303030323430303030303065343030303030306664666666666666303330303030303030353030303030303038303030303030303030303030303032343030303030306631303030303030303130303030303030333030303030303035303030303030303030303030303030303030303030303031303030303030303530303030303035343030303030303263303030303030326330303030303032633030303030303334303030303030303030303030303030303030303030303833333330303030633131343030303030303030303030303264303130303030303730303030303030633030303030303037303030303030316330313030303039343062303030303738303930303030333830343030303034303035303030306138303330303030353430363030303065303037303030306263303430303030653030373030303066633039303030306438303630303030303030303030303030313030303030306361316130303030303330393030303030303030303030303032303030303030303230303030303030323030303030303032303030303030316330313030303038303064303030303030303030303030303130303030303037623137303030303230303530303030303030303030303030313030303030303031303030303030303230303030303030323030303030303163303130303030393430623030303030313030303030303030303030303030376231373030303065353032303030303030303030303030303030303030303030303030303030303032303030303030303230303030303031633031303030303934306230303030303030303030303030303030303030306163336530303030323632323030303030303030303030303030303030303030306430303030303030343030303030303034303030303030316330313030303039343062303030306230306430303030373030383030303037383536333431323034303030303030353630303030303030313030303030303031303030303030306230303030303030303030303030303031303030303030303230303030303030333030303030303034303030303030303530303030303030363030303030303037303030303030303830303030303030393030303030303061303030303030303430303030303036343030363230303666303030303030303730303030303034333030346330303439303034353030346530303534303030303030222F3E3C2F636F6E74726F6C3E3C6C61796F75746F626A6563743E3C646473786D6C6F626A3E3C70726F7065727479206E616D653D224163746976655461626C65566965774D6F6465222076616C75653D22312220766172747970653D2238222F3E3C70726F7065727479206E616D653D225461626C65566965774D6F64653A30222076616C75653D22342C302C3238342C302C323936342C312C323432342C352C313632302220766172747970653D2238222F3E3C70726F7065727479206E616D653D225461626C65566965774D6F64653A31222076616C75653D22322C302C3238342C302C333435362220766172747970653D2238222F3E3C70726F7065727479206E616D653D225461626C65566965774D6F64653A32222076616C75653D22322C302C3238342C302C323936342220766172747970653D2238222F3E3C70726F7065727479206E616D653D225461626C65566965774D6F64653A33222076616C75653D22322C302C3238342C302C323936342220766172747970653D2238222F3E3C70726F7065727479206E616D653D225461626C65566965774D6F64653A34222076616C75653D22342C302C3238342C302C323936342C31322C333530342C31312C323136302220766172747970653D2238222F3E3C2F646473786D6C6F626A3E3C2F6C61796F75746F626A6563743E3C73686170652067726F7570736861706569643D2230222067726F75706E6F64653D2230222F3E3C2F646473636F6E74726F6C3E3C646473636F6E74726F6C20636F6E74726F6C70726F6769643D227B36323341433037352D324337372D343837332D383833442D3933304234333634423442437D2220746F6F6C7469703D224C49455522206C6566743D22313935302220746F703D223532353022206C6F676963616C69643D22332220636F6E74726F6C69643D223322206D617374657269643D2230222068696E74313D2230222068696E74323D2230222077696474683D223638353822206865696768743D223334393222206E6F726573697A653D223022206E6F6D6F76653D223022206E6F64656661756C74617474616368706F696E74733D223022206175746F647261673D2230222075736564656661756C7469646473686170653D2230222073656C65637461626C653D2231222073686F7773656C656374696F6E68616E646C65733D22302220616C6C6F776E756467696E673D223122206973616E6E6F746174696F6E3D22302220646F6E746175746F6C61796F75743D2230222067726F7570636F6C6C61707365643D2230222074616273746F703D2231222076697369626C653D22312220736E6170746F677269643D2231223E3C636F6E74726F6C3E3C646473786D6C6F626A65637473747265616D696E6974777261707065722062696E6172793D22323134333334313230383030303030306361316130303030613430643030303037383536333431323037303030303030313430313030303034633030343930303435303035353030303030303030303030303030303030303032303030303030306630303030303030333030303030303032303030303030313630303030303030613030303030303130303030303030323230303030303031313030303030303130303030303030323730303030303031363030303030303032303030303030333030303030303032613030303030303032303030303030333730303030303033313030303030303130303030303030343330303030303033393030303030303130303030303030343830303030303033653030303030303032303030303030346630303030303035303030303030303032303030303030353530303030303035633030303030303130303030303030356230303030303036313030303030303032303030303030363130303030303036393030303030303032303030303030363830303030303037303030303030303130303030303030366430303030303037353030303030303032303030303030366430303030303066646666666666663032303030303030373130303030303037363030303030303032303030303030373730303030303037663030303030303032303030303030383130303030303038363030303030303130303030303030383630303030303030303030303030303030303030303030303130303030303030353030303030303534303030303030326330303030303032633030303030303263303030303030333430303030303030303030303030303030303030303030383333333030303063313134303030303030303030303030326430313030303030373030303030303063303030303030303730303030303031633031303030303934306230303030373830393030303033383034303030303430303530303030613830333030303035343036303030306530303730303030626330343030303065303037303030306663303930303030643830363030303030303030303030303031303030303030636131613030303061343064303030303030303030303030303430303030303030343030303030303032303030303030303230303030303031633031303030303830306430303030303030303030303030313030303030303762313730303030356330373030303030303030303030303032303030303030303230303030303030323030303030303032303030303030316330313030303039343062303030303031303030303030303030303030303037623137303030306535303230303030303030303030303030303030303030303030303030303030303230303030303030323030303030303163303130303030393430623030303030303030303030303030303030303030616333653030303032363232303030303030303030303030303030303030303030643030303030303034303030303030303430303030303031633031303030303934306230303030623030643030303037303038303030303738353633343132303430303030303035323030303030303031303030303030303130303030303030623030303030303030303030303030303130303030303030323030303030303033303030303030303430303030303030353030303030303036303030303030303730303030303030383030303030303039303030303030306130303030303030343030303030303634303036323030366630303030303030353030303030303463303034393030343530303535303030303030222F3E3C2F636F6E74726F6C3E3C6C61796F75746F626A6563743E3C646473786D6C6F626A3E3C70726F7065727479206E616D653D224163746976655461626C65566965774D6F6465222076616C75653D22312220766172747970653D2238222F3E3C70726F7065727479206E616D653D225461626C65566965774D6F64653A30222076616C75653D22342C302C3238342C302C323936342C312C323432342C352C313632302220766172747970653D2238222F3E3C70726F7065727479206E616D653D225461626C65566965774D6F64653A31222076616C75653D22322C302C3238342C302C333435362220766172747970653D2238222F3E3C70726F7065727479206E616D653D225461626C65566965774D6F64653A32222076616C75653D22322C302C3238342C302C323936342220766172747970653D2238222F3E3C70726F7065727479206E616D653D225461626C65566965774D6F64653A33222076616C75653D22322C302C3238342C302C323936342220766172747970653D2238222F3E3C70726F7065727479206E616D653D225461626C65566965774D6F64653A34222076616C75653D22342C302C3238342C302C323936342C31322C333530342C31312C323136302220766172747970653D2238222F3E3C2F646473786D6C6F626A3E3C2F6C61796F75746F626A6563743E3C73686170652067726F7570736861706569643D2230222067726F75706E6F64653D2230222F3E3C2F646473636F6E74726F6C3E3C646473636F6E74726F6C2073656D616E746963636F6F6B69653D2230313339373935663031303030303030363430303632303036663030303030303436303034623030356630303463303034393030343530303535303035663030343330303463303034393030343530303465303035343030303030302220636F6E74726F6C70726F6769643D224D534444532E506F6C796C696E652E3038302E312220746F6F6C7469703D2252656C6174696F6E736869702027464B5F4C4945555F434C49454E5427206265747765656E2027434C49454E542720616E6420274C4945552722206C6566743D22343534332220746F703D223830343322206C6F676963616C69643D22342220636F6E74726F6C69643D223422206D617374657269643D2230222068696E74313D2230222068696E74323D2230222077696474683D2238313522206865696768743D223334353322206E6F726573697A653D223022206E6F6D6F76653D223022206E6F64656661756C74617474616368706F696E74733D223122206175746F647261673D2230222075736564656661756C7469646473686170653D2230222073656C65637461626C653D2231222073686F7773656C656374696F6E68616E646C65733D22302220616C6C6F776E756467696E673D223122206973616E6E6F746174696F6E3D22302220646F6E746175746F6C61796F75743D2230222067726F7570636F6C6C61707365643D2230222074616273746F703D2231222076697369626C653D22312220736E6170746F677269643D2230223E3C636F6E74726F6C3E3C646473786D6C6F626A3E3C706F6C796C696E6520656E64747970656473743D22302220656E64747970657372633D2232222075736572636F6C6F723D22313537393033323022206C696E657374796C653D223022206C696E6572656E6465723D22302220637573746F6D656E647479706564737469643D22302220637573746F6D656E647479706573726369643D2230222061646F726E7376697369626C653D2231223E3C61646F726E6D656E742070657263656E74706F733D2235382E323932353833353337303832332220636F6E74726F6C69643D2235222077696474683D223231363922206865696768743D223333392220736964653D223122206265686176696F723D2233222068696D65747269633D223131393922206469737466726F6D6C696E653D22313735222073746172746F626A3D22302220783D22323630362220793D2239343539222076697369626C653D22302220616C6C6F776F7665726C61703D2231222075736570657263656E743D2231222F3E3C2F706F6C796C696E653E3C2F646473786D6C6F626A3E3C2F636F6E74726F6C3E3C6C61796F75746F626A6563743E3C646473786D6C6F626A2F3E3C2F6C61796F75746F626A6563743E3C636F6E6E6563746F7220736F7572636569643D223222206465737469643D22332220736F75726365617474616368706F696E743D223432222064657374617474616368706F696E743D22333922207365676D656E74656469746D6F64653D2230222062656E64706F696E74656469746D6F64653D2230222062656E64706F696E747669736962696C6974793D2230222072656C6174656469643D223022207669727475616C3D2230223E3C706F696E7420783D22343935302220793D223130383030222F3E3C706F696E7420783D22343935302220793D2238373432222F3E3C2F636F6E6E6563746F723E3C2F646473636F6E74726F6C3E3C646473636F6E74726F6C2073656D616E746963636F6F6B69653D22303164306361323036306430636132302220636F6E74726F6C70726F6769643D224D534444532E546578742E3038302E3122206C6566743D22323630362220746F703D223934353922206C6F676963616C69643D22352220636F6E74726F6C69643D223522206D617374657269643D2234222068696E74313D2230222068696E74323D2230222077696474683D223231363922206865696768743D2233333922206E6F726573697A653D223122206E6F6D6F76653D223022206E6F64656661756C74617474616368706F696E74733D223122206175746F647261673D2231222075736564656661756C7469646473686170653D2231222073656C65637461626C653D2231222073686F7773656C656374696F6E68616E646C65733D22312220616C6C6F776E756467696E673D223122206973616E6E6F746174696F6E3D22302220646F6E746175746F6C61796F75743D2230222067726F7570636F6C6C61707365643D2230222074616273746F703D2230222076697369626C653D22302220736E6170746F677269643D2230223E3C636F6E74726F6C3E3C646473786D6C6F626A65637473747265616D696E6974777261707065722062696E6172793D2230303032303030303739303830303030353330313030303030333030303030303030303030353030303038303038303030303830303130303030303031353030303130303030303039303031623033303031303030363534363136383666366436313065303034363030346230303566303034633030343930303435303035353030356630303433303034633030343930303435303034653030353430303030303030303030222F3E3C2F636F6E74726F6C3E3C6C61796F75746F626A6563743E3C646473786D6C6F626A2F3E3C2F6C61796F75746F626A6563743E3C73686170652067726F7570736861706569643D2230222067726F75706E6F64653D2230222F3E3C2F646473636F6E74726F6C3E3C646473636F6E74726F6C20636F6E74726F6C70726F6769643D227B36323341433037352D324337372D343837332D383833442D3933304234333634423442437D2220746F6F6C7469703D225041535341474522206C6566743D22393330302220746F703D223022206C6F676963616C69643D22362220636F6E74726F6C69643D223622206D617374657269643D2230222068696E74313D2230222068696E74323D2230222077696474683D223638353822206865696768743D223532373022206E6F726573697A653D223022206E6F6D6F76653D223022206E6F64656661756C74617474616368706F696E74733D223022206175746F647261673D2230222075736564656661756C7469646473686170653D2230222073656C65637461626C653D2231222073686F7773656C656374696F6E68616E646C65733D22302220616C6C6F776E756467696E673D223122206973616E6E6F746174696F6E3D22302220646F6E746175746F6C61796F75743D2230222067726F7570636F6C6C61707365643D2230222074616273746F703D2231222076697369626C653D22312220736E6170746F677269643D2231223E3C636F6E74726F6C3E3C646473786D6C6F626A65637473747265616D696E6974777261707065722062696E6172793D22323134333334313230383030303030306361316130303030393631343030303037383536333431323037303030303030313430313030303035303030343130303533303035333030343130303437303034353030303030303032303030303030323430303030303030333030303030303032303030303030356630303030303032333030303030303130303030303030363430303030303032383030303030303032303030303030363930303030303032613030303030303032303030303030373130303030303032653030303030303130303030303030373630303030303033333030303030303032303030303030376230303030303033353030303030303130303030303030383030303030303033613030303030303032303030303030383630303030303033643030303030303032303030303030383630303030303033643030303030303132303030303030386330303030303034323030303030303032303030303030393330303030303034613030303030303032303030303030393630303030303034633030303030303130303030303030613430303030303035323030303030303032303030303030643630303030303037313030303030303130303030303030646230303030303037363030303030303032303030303030646630303030303037613030303030303030303030303030653130303030303037623030303030303032303030303030653330303030303030303030303030303030303030303030303130303030303030353030303030303534303030303030326330303030303032633030303030303263303030303030333430303030303030303030303030303030303030303030383333333030303033383139303030303030303030303030326430313030303030393030303030303063303030303030303730303030303031633031303030303934306230303030373830393030303033383034303030303430303530303030613830333030303035343036303030306530303730303030626330343030303065303037303030306663303930303030643830363030303030303030303030303031303030303030636131613030303039363134303030303030303030303030303730303030303030373030303030303032303030303030303230303030303031633031303030303830306430303030303030303030303030313030303030303762313730303030393730393030303030303030303030303033303030303030303330303030303030323030303030303032303030303030316330313030303039343062303030303031303030303030303030303030303037623137303030306535303230303030303030303030303030303030303030303030303030303030303230303030303030323030303030303163303130303030393430623030303030303030303030303030303030303030616333653030303032363232303030303030303030303030303030303030303030643030303030303034303030303030303430303030303031633031303030303934306230303030623030643030303037303038303030303738353633343132303430303030303035383030303030303031303030303030303130303030303030623030303030303030303030303030303130303030303030323030303030303033303030303030303430303030303030353030303030303036303030303030303730303030303030383030303030303039303030303030306130303030303030343030303030303634303036323030366630303030303030383030303030303530303034313030353330303533303034313030343730303435303030303030222F3E3C2F636F6E74726F6C3E3C6C61796F75746F626A6563743E3C646473786D6C6F626A3E3C70726F7065727479206E616D653D224163746976655461626C65566965774D6F6465222076616C75653D22312220766172747970653D2238222F3E3C70726F7065727479206E616D653D225461626C65566965774D6F64653A30222076616C75653D22342C302C3238342C302C323936342C312C323432342C352C313632302220766172747970653D2238222F3E3C70726F7065727479206E616D653D225461626C65566965774D6F64653A31222076616C75653D22322C302C3238342C302C333435362220766172747970653D2238222F3E3C70726F7065727479206E616D653D225461626C65566965774D6F64653A32222076616C75653D22322C302C3238342C302C323936342220766172747970653D2238222F3E3C70726F7065727479206E616D653D225461626C65566965774D6F64653A33222076616C75653D22322C302C3238342C302C323936342220766172747970653D2238222F3E3C70726F7065727479206E616D653D225461626C65566965774D6F64653A34222076616C75653D22342C302C3238342C302C323936342C31322C333530342C31312C323136302220766172747970653D2238222F3E3C2F646473786D6C6F626A3E3C2F6C61796F75746F626A6563743E3C73686170652067726F7570736861706569643D2230222067726F75706E6F64653D2230222F3E3C2F646473636F6E74726F6C3E3C646473636F6E74726F6C2073656D616E746963636F6F6B69653D223031343330303030303130303030303036343030363230303666303030303030343630303462303035663030353030303431303035333030353330303431303034373030343530303566303034633030343930303435303035353030303030302220636F6E74726F6C70726F6769643D224D534444532E506F6C796C696E652E3038302E312220746F6F6C7469703D2252656C6174696F6E736869702027464B5F504153534147455F4C49455527206265747765656E20274C4945552720616E642027504153534147452722206C6566743D22363034332220746F703D223233323122206C6F676963616C69643D22372220636F6E74726F6C69643D223722206D617374657269643D2230222068696E74313D2230222068696E74323D2230222077696474683D223335353722206865696768743D223336323522206E6F726573697A653D223022206E6F6D6F76653D223022206E6F64656661756C74617474616368706F696E74733D223122206175746F647261673D2230222075736564656661756C7469646473686170653D2230222073656C65637461626C653D2231222073686F7773656C656374696F6E68616E646C65733D22302220616C6C6F776E756467696E673D223122206973616E6E6F746174696F6E3D22302220646F6E746175746F6C61796F75743D2230222067726F7570636F6C6C61707365643D2230222074616273746F703D2231222076697369626C653D22312220736E6170746F677269643D2230223E3C636F6E74726F6C3E3C646473786D6C6F626A3E3C706F6C796C696E6520656E64747970656473743D22302220656E64747970657372633D2232222075736572636F6C6F723D22313537393033323022206C696E657374796C653D223022206C696E6572656E6465723D22302220637573746F6D656E647479706564737469643D22302220637573746F6D656E647479706573726369643D2230222061646F726E7376697369626C653D2231223E3C61646F726E6D656E742070657263656E74706F733D2235302220636F6E74726F6C69643D2238222077696474683D223234363822206865696768743D223333392220736964653D223022206265686176696F723D2233222068696D65747269633D223237303022206469737466726F6D6C696E653D22313735222073746172746F626A3D22302220783D22363633352220793D2232383735222076697369626C653D22302220616C6C6F776F7665726C61703D2231222075736570657263656E743D2231222F3E3C2F706F6C796C696E653E3C2F646473786D6C6F626A3E3C2F636F6E74726F6C3E3C6C61796F75746F626A6563743E3C646473786D6C6F626A2F3E3C2F6C61796F75746F626A6563743E3C636F6E6E6563746F7220736F7572636569643D223322206465737469643D22362220736F75726365617474616368706F696E743D223538222064657374617474616368706F696E743D2231323222207365676D656E74656469746D6F64653D2230222062656E64706F696E74656469746D6F64653D2230222062656E64706F696E747669736962696C6974793D2230222072656C6174656469643D223022207669727475616C3D2230223E3C706F696E7420783D22363435302220793D2235323530222F3E3C706F696E7420783D22363435302220793D2232373030222F3E3C706F696E7420783D22393330302220793D2232373030222F3E3C2F636F6E6E6563746F723E3C2F646473636F6E74726F6C3E3C646473636F6E74726F6C2073656D616E746963636F6F6B69653D22303163396361323032306339636132302220636F6E74726F6C70726F6769643D224D534444532E546578742E3038302E3122206C6566743D22363633352220746F703D223238373522206C6F676963616C69643D22382220636F6E74726F6C69643D223822206D617374657269643D2237222068696E74313D2230222068696E74323D2230222077696474683D223234363822206865696768743D2233333922206E6F726573697A653D223122206E6F6D6F76653D223022206E6F64656661756C74617474616368706F696E74733D223122206175746F647261673D2231222075736564656661756C7469646473686170653D2231222073656C65637461626C653D2231222073686F7773656C656374696F6E68616E646C65733D22312220616C6C6F776E756467696E673D223122206973616E6E6F746174696F6E3D22302220646F6E746175746F6C61796F75743D2230222067726F7570636F6C6C61707365643D2230222074616273746F703D2230222076697369626C653D22302220736E6170746F677269643D2230223E3C636F6E74726F6C3E3C646473786D6C6F626A65637473747265616D696E6974777261707065722062696E6172793D223030303230303030613430393030303035333031303030303033303030303030303030303035303030303830303830303030383030313030303030303135303030313030303030303930303162303330303130303036353436313638366636643631306630303436303034623030356630303530303034313030353330303533303034313030343730303435303035663030346330303439303034353030353530303030303030303030222F3E3C2F636F6E74726F6C3E3C6C61796F75746F626A6563743E3C646473786D6C6F626A2F3E3C2F6C61796F75746F626A6563743E3C73686170652067726F7570736861706569643D2230222067726F75706E6F64653D2230222F3E3C2F646473636F6E74726F6C3E3C646473636F6E74726F6C2073656D616E746963636F6F6B69653D223031303036633030303130303030303036343030363230303666303030303030343630303462303035663030353030303431303035333030353330303431303034373030343530303566303035303030343130303533303035333030343130303437303034353030303030302220636F6E74726F6C70726F6769643D224D534444532E506F6C796C696E652E3038302E312220746F6F6C7469703D2252656C6174696F6E736869702027464B5F504153534147455F5041535341474527206265747765656E20274147454E542720616E642027504153534147452722206C6566743D2231353835382220746F703D223232393322206C6F676963616C69643D22392220636F6E74726F6C69643D223922206D617374657269643D2230222068696E74313D2230222068696E74323D2230222077696474683D223238393222206865696768743D2238313522206E6F726573697A653D223022206E6F6D6F76653D223022206E6F64656661756C74617474616368706F696E74733D223122206175746F647261673D2230222075736564656661756C7469646473686170653D2230222073656C65637461626C653D2231222073686F7773656C656374696F6E68616E646C65733D22302220616C6C6F776E756467696E673D223122206973616E6E6F746174696F6E3D22302220646F6E746175746F6C61796F75743D2230222067726F7570636F6C6C61707365643D2230222074616273746F703D2231222076697369626C653D22312220736E6170746F677269643D2230223E3C636F6E74726F6C3E3C646473786D6C6F626A3E3C706F6C796C696E6520656E64747970656473743D22302220656E64747970657372633D2232222075736572636F6C6F723D22313537393033323022206C696E657374796C653D223022206C696E6572656E6465723D22302220637573746F6D656E647479706564737469643D22302220637573746F6D656E647479706573726369643D2230222061646F726E7376697369626C653D2231223E3C61646F726E6D656E742070657263656E74706F733D2234392E393637373431393335343833392220636F6E74726F6C69643D223130222077696474683D223331333822206865696768743D223333392220736964653D223022206265686176696F723D2233222068696D65747269633D223131343522206469737466726F6D6C696E653D22313735222073746172746F626A3D22302220783D2231353733342220793D2232313836222076697369626C653D22302220616C6C6F776F7665726C61703D2231222075736570657263656E743D2231222F3E3C2F706F6C796C696E653E3C2F646473786D6C6F626A3E3C2F636F6E74726F6C3E3C6C61796F75746F626A6563743E3C646473786D6C6F626A2F3E3C2F6C61796F75746F626A6563743E3C636F6E6E6563746F7220736F7572636569643D223122206465737469643D22362220736F75726365617474616368706F696E743D22313036222064657374617474616368706F696E743D2231323322207365676D656E74656469746D6F64653D2230222062656E64706F696E74656469746D6F64653D2230222062656E64706F696E747669736962696C6974793D2230222072656C6174656469643D223022207669727475616C3D2230223E3C706F696E7420783D2231383435302220793D2232373030222F3E3C706F696E7420783D2231363135382220793D2232373030222F3E3C2F636F6E6E6563746F723E3C2F646473636F6E74726F6C3E3C646473636F6E74726F6C2073656D616E746963636F6F6B69653D22303164366361323032306436636132302220636F6E74726F6C70726F6769643D224D534444532E546578742E3038302E3122206C6566743D2231353733342220746F703D223231383622206C6F676963616C69643D2231302220636F6E74726F6C69643D22313022206D617374657269643D2239222068696E74313D2230222068696E74323D2230222077696474683D223331333822206865696768743D2233333922206E6F726573697A653D223122206E6F6D6F76653D223022206E6F64656661756C74617474616368706F696E74733D223122206175746F647261673D2231222075736564656661756C7469646473686170653D2231222073656C65637461626C653D2231222073686F7773656C656374696F6E68616E646C65733D22312220616C6C6F776E756467696E673D223122206973616E6E6F746174696F6E3D22302220646F6E746175746F6C61796F75743D2230222067726F7570636F6C6C61707365643D2230222074616273746F703D2230222076697369626C653D22302220736E6170746F677269643D2230223E3C636F6E74726F6C3E3C646473786D6C6F626A65637473747265616D696E6974777261707065722062696E6172793D223030303230303030343230633030303035333031303030303033303030303030303030303035303030303830303830303030383030313030303030303135303030313030303030303930303162303330303130303036353436313638366636643631313230303436303034623030356630303530303034313030353330303533303034313030343730303435303035663030353030303431303035333030353330303431303034373030343530303030303030303030222F3E3C2F636F6E74726F6C3E3C6C61796F75746F626A6563743E3C646473786D6C6F626A2F3E3C2F6C61796F75746F626A6563743E3C73686170652067726F7570736861706569643D2230222067726F75706E6F64653D2230222F3E3C2F646473636F6E74726F6C3E3C646473636F6E74726F6C20636F6E74726F6C70726F6769643D227B36323341433037352D324337372D343837332D383833442D3933304234333634423442437D2220746F6F6C7469703D22504153534147455F544143484522206C6566743D2231363935302220746F703D223439353022206C6F676963616C69643D2231312220636F6E74726F6C69643D22313122206D617374657269643D2230222068696E74313D2230222068696E74323D2230222077696474683D223638353822206865696768743D223334393222206E6F726573697A653D223022206E6F6D6F76653D223022206E6F64656661756C74617474616368706F696E74733D223022206175746F647261673D2230222075736564656661756C7469646473686170653D2230222073656C65637461626C653D2231222073686F7773656C656374696F6E68616E646C65733D22302220616C6C6F776E756467696E673D223122206973616E6E6F746174696F6E3D22302220646F6E746175746F6C61796F75743D2230222067726F7570636F6C6C61707365643D2230222074616273746F703D2231222076697369626C653D22312220736E6170746F677269643D2231223E3C636F6E74726F6C3E3C646473786D6C6F626A65637473747265616D696E6974777261707065722062696E6172793D22323134333334313230383030303030306361316130303030613430643030303037383536333431323037303030303030313430313030303035303030343130303533303035333030343130303437303034353030356630303534303034313030343330303438303034353030303030303234303030303030303230303030303030333030303030303034303030303030303830303030303030303030303030303030303030303030323430303030303034393030303030306230383637363261633038353736326130303030303030303030303030303030303030303030303030633030303030303030303030303030303030303030303034393030303030306238383637363261636338353736326130303030303030303030303030303030303030303030303030633030303030303036303030303030303430303030303034393030303030306138383637363261643838353736326130303030303030303030303030303030303030303030303030383030303030303030303030303030363630303030303034393030303030306534383637363261653438353736326130303030303030303030303030303030303030303030303030383030303030306335303030303030666466666666666634393030303030306330383637363261663038353736326130303030303030303030303030303030303030303030303030383030303030303033303030303030303530303030303030303030303030303030303030303030303130303030303030353030303030303534303030303030326330303030303032633030303030303263303030303030333430303030303030303030303030303030303030303030383333333030303063313134303030303030303030303030326430313030303030373030303030303063303030303030303730303030303031633031303030303934306230303030373830393030303033383034303030303430303530303030613830333030303035343036303030306530303730303030626330343030303065303037303030306663303930303030643830363030303030303030303030303031303030303030636131613030303061343064303030303030303030303030303430303030303030343030303030303032303030303030303230303030303031633031303030303830306430303030303030303030303030313030303030303762313730303030393730393030303030303030303030303033303030303030303330303030303030323030303030303032303030303030316330313030303039343062303030303031303030303030303030303030303037623137303030306535303230303030303030303030303030303030303030303030303030303030303230303030303030323030303030303163303130303030393430623030303030303030303030303030303030303030616333653030303032363232303030303030303030303030303030303030303030643030303030303034303030303030303430303030303031633031303030303934306230303030623030643030303037303038303030303738353633343132303430303030303036343030303030303031303030303030303130303030303030623030303030303030303030303030303130303030303030323030303030303033303030303030303430303030303030353030303030303036303030303030303730303030303030383030303030303039303030303030306130303030303030343030303030303634303036323030366630303030303030653030303030303530303034313030353330303533303034313030343730303435303035663030353430303431303034333030343830303435303030303030222F3E3C2F636F6E74726F6C3E3C6C61796F75746F626A6563743E3C646473786D6C6F626A3E3C70726F7065727479206E616D653D224163746976655461626C65566965774D6F6465222076616C75653D22312220766172747970653D2238222F3E3C70726F7065727479206E616D653D225461626C65566965774D6F64653A30222076616C75653D22342C302C3238342C302C323936342C312C323432342C352C313632302220766172747970653D2238222F3E3C70726F7065727479206E616D653D225461626C65566965774D6F64653A31222076616C75653D22322C302C3238342C302C333435362220766172747970653D2238222F3E3C70726F7065727479206E616D653D225461626C65566965774D6F64653A32222076616C75653D22322C302C3238342C302C323936342220766172747970653D2238222F3E3C70726F7065727479206E616D653D225461626C65566965774D6F64653A33222076616C75653D22322C302C3238342C302C323936342220766172747970653D2238222F3E3C70726F7065727479206E616D653D225461626C65566965774D6F64653A34222076616C75653D22342C302C3238342C302C323936342C31322C333530342C31312C323136302220766172747970653D2238222F3E3C2F646473786D6C6F626A3E3C2F6C61796F75746F626A6563743E3C73686170652067726F7570736861706569643D2230222067726F75706E6F64653D2230222F3E3C2F646473636F6E74726F6C3E3C646473636F6E74726F6C2073656D616E746963636F6F6B69653D223031376166393734303130303030303036343030363230303666303030303030343630303462303035663030353030303431303035333030353330303431303034373030343530303566303035343030343130303433303034383030343530303566303035303030343130303533303035333030343130303437303034353030303030302220636F6E74726F6C70726F6769643D224D534444532E506F6C796C696E652E3038302E312220746F6F6C7469703D2252656C6174696F6E736869702027464B5F504153534147455F54414348455F5041535341474527206265747765656E2027504153534147452720616E642027504153534147455F54414348452722206C6566743D2231323334332220746F703D223435373522206C6F676963616C69643D2231322220636F6E74726F6C69643D22313222206D617374657269643D2230222068696E74313D2230222068696E74323D2230222077696474683D223439303722206865696768743D223336303522206E6F726573697A653D223022206E6F6D6F76653D223022206E6F64656661756C74617474616368706F696E74733D223122206175746F647261673D2230222075736564656661756C7469646473686170653D2230222073656C65637461626C653D2231222073686F7773656C656374696F6E68616E646C65733D22302220616C6C6F776E756467696E673D223122206973616E6E6F746174696F6E3D22302220646F6E746175746F6C61796F75743D2230222067726F7570636F6C6C61707365643D2230222074616273746F703D2231222076697369626C653D22312220736E6170746F677269643D2230223E3C636F6E74726F6C3E3C646473786D6C6F626A3E3C706F6C796C696E6520656E64747970656473743D22302220656E64747970657372633D2232222075736572636F6C6F723D22313537393033323022206C696E657374796C653D223022206C696E6572656E6465723D22302220637573746F6D656E647479706564737469643D22302220637573746F6D656E647479706573726369643D2230222061646F726E7376697369626C653D2231223E3C61646F726E6D656E742070657263656E74706F733D2235302220636F6E74726F6C69643D223133222077696474683D223431393822206865696768743D223333392220736964653D223022206265686176696F723D2233222068696D65747269633D223333373122206469737466726F6D6C696E653D22313735222073746172746F626A3D22302220783D22393234302220793D2237393735222076697369626C653D22302220616C6C6F776F7665726C61703D2231222075736570657263656E743D2231222F3E3C2F706F6C796C696E653E3C2F646473786D6C6F626A3E3C2F636F6E74726F6C3E3C6C61796F75746F626A6563743E3C646473786D6C6F626A2F3E3C2F6C61796F75746F626A6563743E3C636F6E6E6563746F7220736F7572636569643D223622206465737469643D2231312220736F75726365617474616368706F696E743D223435222064657374617474616368706F696E743D2231323422207365676D656E74656469746D6F64653D2230222062656E64706F696E74656469746D6F64653D2230222062656E64706F696E747669736962696C6974793D2230222072656C6174656469643D223022207669727475616C3D2230223E3C706F696E7420783D2231323735302220793D2235323730222F3E3C706F696E7420783D2231323735302220793D2236383133222F3E3C706F696E7420783D2231323734342220793D2236383133222F3E3C706F696E7420783D2231323734342220793D2237383030222F3E3C706F696E7420783D2231363935302220793D2237383030222F3E3C2F636F6E6E6563746F723E3C2F646473636F6E74726F6C3E3C646473636F6E74726F6C2073656D616E746963636F6F6B69653D22303163666361323036306366636132302220636F6E74726F6C70726F6769643D224D534444532E546578742E3038302E3122206C6566743D22393234302220746F703D223739373522206C6F676963616C69643D2231332220636F6E74726F6C69643D22313322206D617374657269643D223132222068696E74313D2230222068696E74323D2230222077696474683D223431393822206865696768743D2233333922206E6F726573697A653D223122206E6F6D6F76653D223022206E6F64656661756C74617474616368706F696E74733D223122206175746F647261673D2231222075736564656661756C7469646473686170653D2231222073656C65637461626C653D2231222073686F7773656C656374696F6E68616E646C65733D22312220616C6C6F776E756467696E673D223122206973616E6E6F746174696F6E3D22302220646F6E746175746F6C61796F75743D2230222067726F7570636F6C6C61707365643D2230222074616273746F703D2230222076697369626C653D22302220736E6170746F677269643D2230223E3C636F6E74726F6C3E3C646473786D6C6F626A65637473747265616D696E6974777261707065722062696E6172793D223030303230303030363631303030303035333031303030303033303030303030303030303035303030303830303830303030383030313030303030303135303030313030303030303930303162303330303130303036353436313638366636643631313830303436303034623030356630303530303034313030353330303533303034313030343730303435303035663030353430303431303034333030343830303435303035663030353030303431303035333030353330303431303034373030343530303030303030303030222F3E3C2F636F6E74726F6C3E3C6C61796F75746F626A6563743E3C646473786D6C6F626A2F3E3C2F6C61796F75746F626A6563743E3C73686170652067726F7570736861706569643D2230222067726F75706E6F64653D2230222F3E3C2F646473636F6E74726F6C3E3C646473636F6E74726F6C20636F6E74726F6C70726F6769643D227B36323341433037352D324337372D343837332D383833442D3933304234333634423442437D2220746F6F6C7469703D22544143484522206C6566743D2232313630302220746F703D22313036353022206C6F676963616C69643D2231342220636F6E74726F6C69643D22313422206D617374657269643D2230222068696E74313D2230222068696E74323D2230222077696474683D223638353822206865696768743D223239303022206E6F726573697A653D223022206E6F6D6F76653D223022206E6F64656661756C74617474616368706F696E74733D223022206175746F647261673D2230222075736564656661756C7469646473686170653D2230222073656C65637461626C653D2231222073686F7773656C656374696F6E68616E646C65733D22302220616C6C6F776E756467696E673D223122206973616E6E6F746174696F6E3D22302220646F6E746175746F6C61796F75743D2230222067726F7570636F6C6C61707365643D2230222074616273746F703D2231222076697369626C653D22312220736E6170746F677269643D2231223E3C636F6E74726F6C3E3C646473786D6C6F626A65637473747265616D696E6974777261707065722062696E6172793D2232313433333431323038303030303030636131613030303035343062303030303738353633343132303730303030303031343031303030303534303034313030343330303438303034353030303030303030303030303030303230303030303031363030303030303038303030303030303230303030303032633030303030306666666666666666303230303030303033303030303030303135303030303030303230303030303033303030303030306664666666666666303230303030303033613030303030303136303030303030303230303030303035343030303030303164303030303030303230303030303036663030303030303238303030303030303230303030303037323030303030303266303030303030303230303030303039303030303030303635303030303030303230303030303039353030303030303364303030303030303230303030303062383030303030303631303030303030303230303030303062393030303030303635303030303030303230303030303062653030303030303639303030303030303230303030303064313030303030303730303030303030303230303030303064353030303030303732303030303030313030303030303064623030303030303737303030303030303230303030303064643030303030303738303030303030313030303030303065333030303030303764303030303030303230303030303065633030303030303030303030303030303030303030303030313030303030303035303030303030353430303030303032633030303030303263303030303030326330303030303033343030303030303030303030303030303030303030303038333333303030306331313430303030303030303030303032643031303030303037303030303030306330303030303030373030303030303163303130303030393430623030303037383039303030303338303430303030343030353030303061383033303030303534303630303030653030373030303062633034303030306530303730303030666330393030303064383036303030303030303030303030303130303030303063613161303030303534306230303030303030303030303030333030303030303033303030303030303230303030303030323030303030303163303130303030383030643030303030303030303030303031303030303030376231373030303032303035303030303030303030303030303130303030303030313030303030303032303030303030303230303030303031633031303030303934306230303030303130303030303030303030303030303762313730303030653530323030303030303030303030303030303030303030303030303030303030323030303030303032303030303030316330313030303039343062303030303030303030303030303030303030303061633365303030303236323230303030303030303030303030303030303030303064303030303030303430303030303030343030303030303163303130303030393430623030303062303064303030303730303830303030373835363334313230343030303030303534303030303030303130303030303030313030303030303062303030303030303030303030303030313030303030303032303030303030303330303030303030343030303030303035303030303030303630303030303030373030303030303038303030303030303930303030303030613030303030303034303030303030363430303632303036663030303030303036303030303030353430303431303034333030343830303435303030303030222F3E3C2F636F6E74726F6C3E3C6C61796F75746F626A6563743E3C646473786D6C6F626A3E3C70726F7065727479206E616D653D224163746976655461626C65566965774D6F6465222076616C75653D22312220766172747970653D2238222F3E3C70726F7065727479206E616D653D225461626C65566965774D6F64653A30222076616C75653D22342C302C3238342C302C323936342C312C323432342C352C313632302220766172747970653D2238222F3E3C70726F7065727479206E616D653D225461626C65566965774D6F64653A31222076616C75653D22322C302C3238342C302C333435362220766172747970653D2238222F3E3C70726F7065727479206E616D653D225461626C65566965774D6F64653A32222076616C75653D22322C302C3238342C302C323936342220766172747970653D2238222F3E3C70726F7065727479206E616D653D225461626C65566965774D6F64653A33222076616C75653D22322C302C3238342C302C323936342220766172747970653D2238222F3E3C70726F7065727479206E616D653D225461626C65566965774D6F64653A34222076616C75653D22342C302C3238342C302C323936342C31322C333530342C31312C323136302220766172747970653D2238222F3E3C2F646473786D6C6F626A3E3C2F6C61796F75746F626A6563743E3C73686170652067726F7570736861706569643D2230222067726F75706E6F64653D2230222F3E3C2F646473636F6E74726F6C3E3C646473636F6E74726F6C20636F6E74726F6C70726F6769643D227B36323341433037352D324337372D343837332D383833442D3933304234333634423442437D2220746F6F6C7469703D2254414348455F4C49455522206C6566743D2231303830302220746F703D22313038303022206C6F676963616C69643D2231352220636F6E74726F6C69643D22313522206D617374657269643D2230222068696E74313D2230222068696E74323D2230222077696474683D223638353822206865696768743D223239303022206E6F726573697A653D223022206E6F6D6F76653D223022206E6F64656661756C74617474616368706F696E74733D223022206175746F647261673D2230222075736564656661756C7469646473686170653D2230222073656C65637461626C653D2231222073686F7773656C656374696F6E68616E646C65733D22302220616C6C6F776E756467696E673D223122206973616E6E6F746174696F6E3D22302220646F6E746175746F6C61796F75743D2230222067726F7570636F6C6C61707365643D2230222074616273746F703D2231222076697369626C653D22312220736E6170746F677269643D2231223E3C636F6E74726F6C3E3C646473786D6C6F626A65637473747265616D696E6974777261707065722062696E6172793D22323134333334313230383030303030306361316130303030353430623030303037383536333431323037303030303030313430313030303035343030343130303433303034383030343530303566303034633030343930303435303035353030303030303030303030303030303030306430323633643231393032363364323162383565663432343730356566343234643861353563323138386135356332313863646532623165323464653262316539346439336432313434643933643231663036643266303361383664326630333138303234353239643030313435323931383166343532396363316534353239323032343435323962383233343532393563633266363061303863326636306138303534623930303363353462393030633438373763303836383837376330386334373062393030383837306239303066346332663630616238633266363061333836343234323065633633323432303930653831613033353465383161303335383261343532393134326134353239663461363563323161636136356332313963666133653239353866613365323939633965623930303638396562393030333839373062323166303936306232313463646133643231303464613364323138306365323731643163636532373164313835366239303063633535623930306363363537633038656336343763303837633333343532393430333334353239356335353030303030303030303030303030303030303030303130303030303030353030303030303534303030303030326330303030303032633030303030303263303030303030333430303030303030303030303030303030303030303030383333333030303063313134303030303030303030303030326430313030303030373030303030303063303030303030303730303030303031633031303030303934306230303030373830393030303033383034303030303430303530303030613830333030303035343036303030306530303730303030626330343030303065303037303030306663303930303030643830363030303030303030303030303031303030303030636131613030303035343062303030303030303030303030303330303030303030333030303030303032303030303030303230303030303031633031303030303830306430303030303030303030303030313030303030303762313730303030393730393030303030303030303030303033303030303030303330303030303030323030303030303032303030303030316330313030303039343062303030303031303030303030303030303030303037623137303030306535303230303030303030303030303030303030303030303030303030303030303230303030303030323030303030303163303130303030393430623030303030303030303030303030303030303030616333653030303032363232303030303030303030303030303030303030303030643030303030303034303030303030303430303030303031633031303030303934306230303030623030643030303037303038303030303738353633343132303430303030303035653030303030303031303030303030303130303030303030623030303030303030303030303030303130303030303030323030303030303033303030303030303430303030303030353030303030303036303030303030303730303030303030383030303030303039303030303030306130303030303030343030303030303634303036323030366630303030303030623030303030303534303034313030343330303438303034353030356630303463303034393030343530303535303030303030222F3E3C2F636F6E74726F6C3E3C6C61796F75746F626A6563743E3C646473786D6C6F626A3E3C70726F7065727479206E616D653D224163746976655461626C65566965774D6F6465222076616C75653D22312220766172747970653D2238222F3E3C70726F7065727479206E616D653D225461626C65566965774D6F64653A30222076616C75653D22342C302C3238342C302C323936342C312C323432342C352C313632302220766172747970653D2238222F3E3C70726F7065727479206E616D653D225461626C65566965774D6F64653A31222076616C75653D22322C302C3238342C302C333435362220766172747970653D2238222F3E3C70726F7065727479206E616D653D225461626C65566965774D6F64653A32222076616C75653D22322C302C3238342C302C323936342220766172747970653D2238222F3E3C70726F7065727479206E616D653D225461626C65566965774D6F64653A33222076616C75653D22322C302C3238342C302C323936342220766172747970653D2238222F3E3C70726F7065727479206E616D653D225461626C65566965774D6F64653A34222076616C75653D22342C302C3238342C302C323936342C31322C333530342C31312C323136302220766172747970653D2238222F3E3C2F646473786D6C6F626A3E3C2F6C61796F75746F626A6563743E3C73686170652067726F7570736861706569643D2230222067726F75706E6F64653D2230222F3E3C2F646473636F6E74726F6C3E3C646473636F6E74726F6C2073656D616E746963636F6F6B69653D22303163663035373530313030303030303634303036323030366630303030303034363030346230303566303035343030343130303433303034383030343530303566303034633030343930303435303035353030356630303534303034313030343330303438303034353030303030302220636F6E74726F6C70726F6769643D224D534444532E506F6C796C696E652E3038302E312220746F6F6C7469703D2252656C6174696F6E736869702027464B5F54414348455F4C4945555F544143484527206265747765656E202754414348452720616E64202754414348455F4C4945552722206C6566743D2231373335382220746F703D22313131343322206C6F676963616C69643D2231362220636F6E74726F6C69643D22313622206D617374657269643D2230222068696E74313D2230222068696E74323D2230222077696474683D223435343222206865696768743D2238313522206E6F726573697A653D223022206E6F6D6F76653D223022206E6F64656661756C74617474616368706F696E74733D223122206175746F647261673D2230222075736564656661756C7469646473686170653D2230222073656C65637461626C653D2231222073686F7773656C656374696F6E68616E646C65733D22302220616C6C6F776E756467696E673D223122206973616E6E6F746174696F6E3D22302220646F6E746175746F6C61796F75743D2230222067726F7570636F6C6C61707365643D2230222074616273746F703D2231222076697369626C653D22312220736E6170746F677269643D2230223E3C636F6E74726F6C3E3C646473786D6C6F626A3E3C706F6C796C696E6520656E64747970656473743D22302220656E64747970657372633D2232222075736572636F6C6F723D22313537393033323022206C696E657374796C653D223022206C696E6572656E6465723D22302220637573746F6D656E647479706564737469643D22302220637573746F6D656E647479706573726369643D2230222061646F726E7376697369626C653D2231223E3C61646F726E6D656E742070657263656E74706F733D2234392E3935393235303230333734392220636F6E74726F6C69643D223137222077696474683D223331383322206865696768743D223333392220736964653D223022206265686176696F723D2233222068696D65747269633D223139363922206469737466726F6D6C696E653D22313735222073746172746F626A3D22302220783D2231383033372220793D223131303336222076697369626C653D22302220616C6C6F776F7665726C61703D2231222075736570657263656E743D2231222F3E3C2F706F6C796C696E653E3C2F646473786D6C6F626A3E3C2F636F6E74726F6C3E3C6C61796F75746F626A6563743E3C646473786D6C6F626A2F3E3C2F6C61796F75746F626A6563743E3C636F6E6E6563746F7220736F7572636569643D22313422206465737469643D2231352220736F75726365617474616368706F696E743D223938222064657374617474616368706F696E743D22393722207365676D656E74656469746D6F64653D2230222062656E64706F696E74656469746D6F64653D2230222062656E64706F696E747669736962696C6974793D2230222072656C6174656469643D223022207669727475616C3D2230223E3C706F696E7420783D2232313630302220793D223131353530222F3E3C706F696E7420783D2231373635382220793D223131353530222F3E3C2F636F6E6E6563746F723E3C2F646473636F6E74726F6C3E3C646473636F6E74726F6C2073656D616E746963636F6F6B69653D22303164366361323061306436636132302220636F6E74726F6C70726F6769643D224D534444532E546578742E3038302E3122206C6566743D2231383033372220746F703D22313130333622206C6F676963616C69643D2231372220636F6E74726F6C69643D22313722206D617374657269643D223136222068696E74313D2230222068696E74323D2230222077696474683D223331383322206865696768743D2233333922206E6F726573697A653D223122206E6F6D6F76653D223022206E6F64656661756C74617474616368706F696E74733D223122206175746F647261673D2231222075736564656661756C7469646473686170653D2231222073656C65637461626C653D2231222073686F7773656C656374696F6E68616E646C65733D22312220616C6C6F776E756467696E673D223122206973616E6E6F746174696F6E3D22302220646F6E746175746F6C61796F75743D2230222067726F7570636F6C6C61707365643D2230222074616273746F703D2230222076697369626C653D22302220736E6170746F677269643D2230223E3C636F6E74726F6C3E3C646473786D6C6F626A65637473747265616D696E6974777261707065722062696E6172793D22303030323030303036663063303030303533303130303030303330303030303030303030666666666666303030383030303038303031303030303030313530303031303030303030393030316230333030313030303635343631363836663664363131333030343630303462303035663030353430303431303034333030343830303435303035663030346330303439303034353030353530303566303035343030343130303433303034383030343530303030303030303030222F3E3C2F636F6E74726F6C3E3C6C61796F75746F626A6563743E3C646473786D6C6F626A2F3E3C2F6C61796F75746F626A6563743E3C73686170652067726F7570736861706569643D2230222067726F75706E6F64653D2230222F3E3C2F646473636F6E74726F6C3E3C646473636F6E74726F6C2073656D616E746963636F6F6B69653D223031636630353735303130303030303036343030363230303666303030303030343630303462303035663030353430303431303034333030343830303435303035663030346330303439303034353030353530303566303034633030343930303435303035353030303030302220636F6E74726F6C70726F6769643D224D534444532E506F6C796C696E652E3038302E312220746F6F6C7469703D2252656C6174696F6E736869702027464B5F54414348455F4C4945555F4C49455527206265747765656E20274C4945552720616E64202754414348455F4C4945552722206C6566743D22383530382220746F703D223831343322206C6F676963616C69643D2231382220636F6E74726F6C69643D22313822206D617374657269643D2230222068696E74313D2230222068696E74323D2230222077696474683D223332373222206865696768743D223333353722206E6F726573697A653D223022206E6F6D6F76653D223022206E6F64656661756C74617474616368706F696E74733D223122206175746F647261673D2230222075736564656661756C7469646473686170653D2230222073656C65637461626C653D2231222073686F7773656C656374696F6E68616E646C65733D22302220616C6C6F776E756467696E673D223122206973616E6E6F746174696F6E3D22302220646F6E746175746F6C61796F75743D2230222067726F7570636F6C6C61707365643D2230222074616273746F703D2231222076697369626C653D22312220736E6170746F677269643D2230223E3C636F6E74726F6C3E3C646473786D6C6F626A3E3C706F6C796C696E6520656E64747970656473743D22302220656E64747970657372633D2232222075736572636F6C6F723D22313537393033323022206C696E657374796C653D223022206C696E6572656E6465723D22302220637573746F6D656E647479706564737469643D22302220637573746F6D656E647479706573726369643D2230222061646F726E7376697369626C653D2231223E3C61646F726E6D656E742070657263656E74706F733D2236312E383136303435363532393033372220636F6E74726F6C69643D223139222077696474683D223238363122206865696768743D223333392220736964653D223022206265686176696F723D2233222068696D65747269633D223239393322206469737466726F6D6C696E653D22313735222073746172746F626A3D22302220783D22383336342220793D2239303334222076697369626C653D22302220616C6C6F776F7665726C61703D2231222075736570657263656E743D2231222F3E3C2F706F6C796C696E653E3C2F646473786D6C6F626A3E3C2F636F6E74726F6C3E3C6C61796F75746F626A6563743E3C646473786D6C6F626A2F3E3C2F6C61796F75746F626A6563743E3C636F6E6E6563746F7220736F7572636569643D223322206465737469643D2231352220736F75726365617474616368706F696E743D22313331222064657374617474616368706F696E743D223622207365676D656E74656469746D6F64653D2230222062656E64706F696E74656469746D6F64653D2230222062656E64706F696E747669736962696C6974793D2230222072656C6174656469643D223022207669727475616C3D2230223E3C706F696E7420783D22383830382220793D2238353530222F3E3C706F696E7420783D2231313430302220793D2238353530222F3E3C706F696E7420783D2231313430302220793D223130383030222F3E3C2F636F6E6E6563746F723E3C2F646473636F6E74726F6C3E3C646473636F6E74726F6C2073656D616E746963636F6F6B69653D22303164346361323032306434636132302220636F6E74726F6C70726F6769643D224D534444532E546578742E3038302E3122206C6566743D22383336342220746F703D223930333422206C6F676963616C69643D2231392220636F6E74726F6C69643D22313922206D617374657269643D223138222068696E74313D2230222068696E74323D2230222077696474683D223238363122206865696768743D2233333922206E6F726573697A653D223122206E6F6D6F76653D223022206E6F64656661756C74617474616368706F696E74733D223122206175746F647261673D2231222075736564656661756C7469646473686170653D2231222073656C65637461626C653D2231222073686F7773656C656374696F6E68616E646C65733D22312220616C6C6F776E756467696E673D223122206973616E6E6F746174696F6E3D22302220646F6E746175746F6C61796F75743D2230222067726F7570636F6C6C61707365643D2230222074616273746F703D2230222076697369626C653D22302220736E6170746F677269643D2230223E3C636F6E74726F6C3E3C646473786D6C6F626A65637473747265616D696E6974777261707065722062696E6172793D223030303230303030326430623030303035333031303030303033303030303030303030306666666666663030303830303030383030313030303030303135303030313030303030303930303162303330303130303036353436313638366636643631313230303436303034623030356630303534303034313030343330303438303034353030356630303463303034393030343530303535303035663030346330303439303034353030353530303030303030303030222F3E3C2F636F6E74726F6C3E3C6C61796F75746F626A6563743E3C646473786D6C6F626A2F3E3C2F6C61796F75746F626A6563743E3C73686170652067726F7570736861706569643D2230222067726F75706E6F64653D2230222F3E3C2F646473636F6E74726F6C3E3C646473636F6E74726F6C2073656D616E746963636F6F6B69653D223031376166393734303130303030303036343030363230303666303030303030343630303462303035663030353030303431303035333030353330303431303034373030343530303566303035343030343130303433303034383030343530303566303035343030343130303433303034383030343530303566303034633030343930303435303035353030303030302220636F6E74726F6C70726F6769643D224D534444532E506F6C796C696E652E3038302E312220746F6F6C7469703D2252656C6174696F6E736869702027464B5F504153534147455F54414348455F54414348455F4C49455527206265747765656E202754414348455F4C4945552720616E642027504153534147455F54414348452722206C6566743D2231363939332220746F703D223737343322206C6F676963616C69643D2232302220636F6E74726F6C69643D22323022206D617374657269643D2230222068696E74313D2230222068696E74323D2230222077696474683D223330333722206865696768743D223337353322206E6F726573697A653D223022206E6F6D6F76653D223022206E6F64656661756C74617474616368706F696E74733D223122206175746F647261673D2230222075736564656661756C7469646473686170653D2230222073656C65637461626C653D2231222073686F7773656C656374696F6E68616E646C65733D22302220616C6C6F776E756467696E673D223122206973616E6E6F746174696F6E3D22302220646F6E746175746F6C61796F75743D2230222067726F7570636F6C6C61707365643D2230222074616273746F703D2231222076697369626C653D22312220736E6170746F677269643D2230223E3C636F6E74726F6C3E3C646473786D6C6F626A3E3C706F6C796C696E6520656E64747970656473743D22302220656E64747970657372633D2232222075736572636F6C6F723D22313537393033323022206C696E657374796C653D223022206C696E6572656E6465723D22302220637573746F6D656E647479706564737469643D22302220637573746F6D656E647479706573726369643D2230222061646F726E7376697369626C653D2231223E3C61646F726E6D656E742070657263656E74706F733D2235302E313739323131343639353334312220636F6E74726F6C69643D223231222077696474683D223435393122206865696768743D223333392220736964653D223022206265686176696F723D2233222068696D65747269633D223233313222206469737466726F6D6C696E653D22313735222073746172746F626A3D22302220783D2231393438352220793D223130353733222076697369626C653D22302220616C6C6F776F7665726C61703D2231222075736570657263656E743D2231222F3E3C2F706F6C796C696E653E3C2F646473786D6C6F626A3E3C2F636F6E74726F6C3E3C6C61796F75746F626A6563743E3C646473786D6C6F626A2F3E3C2F6C61796F75746F626A6563743E3C636F6E6E6563746F7220736F7572636569643D22313522206465737469643D2231312220736F75726365617474616368706F696E743D223836222064657374617474616368706F696E743D22333522207365676D656E74656469746D6F64653D2230222062656E64706F696E74656469746D6F64653D2230222062656E64706F696E747669736962696C6974793D2230222072656C6174656469643D223022207669727475616C3D2230223E3C706F696E7420783D2231373430302220793D223130383030222F3E3C706F696E7420783D2231373430302220793D223130333938222F3E3C706F696E7420783D2231393635302220793D223130333938222F3E3C706F696E7420783D2231393635302220793D2238343432222F3E3C2F636F6E6E6563746F723E3C2F646473636F6E74726F6C3E3C646473636F6E74726F6C2073656D616E746963636F6F6B69653D22303163666361323032306366636132302220636F6E74726F6C70726F6769643D224D534444532E546578742E3038302E3122206C6566743D2231393438352220746F703D22313035373322206C6F676963616C69643D2232312220636F6E74726F6C69643D22323122206D617374657269643D223230222068696E74313D2230222068696E74323D2230222077696474683D223435393122206865696768743D2233333922206E6F726573697A653D223122206E6F6D6F76653D223022206E6F64656661756C74617474616368706F696E74733D223122206175746F647261673D2231222075736564656661756C7469646473686170653D2231222073656C65637461626C653D2231222073686F7773656C656374696F6E68616E646C65733D22312220616C6C6F776E756467696E673D223122206973616E6E6F746174696F6E3D22302220646F6E746175746F6C61796F75743D2230222067726F7570636F6C6C61707365643D2230222074616273746F703D2230222076697369626C653D22302220736E6170746F677269643D2230223E3C636F6E74726F6C3E3C646473786D6C6F626A65637473747265616D696E6974777261707065722062696E6172793D223030303230303030656631313030303035333031303030303033303030303030303030306666666666663030303830303030383030313030303030303135303030313030303030303930303162303330303130303036353436313638366636643631316230303436303034623030356630303530303034313030353330303533303034313030343730303435303035663030353430303431303034333030343830303435303035663030353430303431303034333030343830303435303035663030346330303439303034353030353530303030303030303030222F3E3C2F636F6E74726F6C3E3C6C61796F75746F626A6563743E3C646473786D6C6F626A2F3E3C2F6C61796F75746F626A6563743E3C73686170652067726F7570736861706569643D2230222067726F75706E6F64653D2230222F3E3C2F646473636F6E74726F6C3E3C2F6464733E0D0A000000000000000000000000000000000000000000000000000000000000000000000000000000000000000000000000000000000000000000000000000000000000000000000000000000000000000000000000000000000000000000000000000000000000000000000000000000000000000000000000000000000000000000000000000000000000000000000000000000000000000000000000000000000000000000000000000000000000000000000000000000000000000000000000000000000000000000000000000000000000000000000000000000000000FEFFFFFF02000000030000000400000005000000060000000700000008000000090000000A0000000B0000000C0000000D0000000E0000000F00000010000000FEFFFFFFFEFFFFFFFFFFFFFFFFFFFFFFFFFFFFFFFFFFFFFFFFFFFFFFFFFFFFFFFFFFFFFFFFFFFFFFFFFFFFFFFFFFFFFFFFFFFFFFFFFFFFFFFFFFFFFFFFFFFFFFFFFFFFFFFFFFFFFFFFFFFFFFFFFFFFFFFFFFFFFFFFFFFFFFFFFFFFFFFFFFFFFFFFFFFFFFFFFFFFFFFFFFFFFFFFFFFFFFFFFFFFFFFFFFFFFFFFFFFFFFFFFFFFFFFFFFFFFFFFFFFFFFFFFFFFFFFFFFFFFFFFFFFFFFFFFFFFFFFFFFFFFFFFFFFFFFFFFFFFFFFFFFFFFFFFFFFFFFFFFFFFFFFFFFFFFFFFFFFFFFFFFFFFFFFFFFFFFFFFFFFFFFFFFFFFFFFFFFFFFFFFFFFFFFFFFFFFFFFFFFFFFFFFFFFFFFFFFFFFFFFFFFFFFFFFFFFFFFFFFFFFFFFFFFFFFFFFFFFFFFFFFFFFFFFFFFFFFFFFFFFFFFFFFFFFFFFFFFFFFFFFFFFFFFFFFFFFFFFFFFFFFFFFFFFFFFFFFFFFFFFFFFFFFFFFFFFFFFFFFFFFFFFFFFFFFFFFFFFFFFFFFFFFFFFFFFFFFFFFFFFFFFFFFFFFFFFFFFFFFFFFFFFFFFFFFFFFFFFFFFFFFFFFFFFFFFFFFFFFFFFFFFFFFFFFFFFFFFFFFFFFFFFFFFFFFFFFFFFFFFFFFFFFFFFFFFFFFFFFFFFFFFFFFFFFFFFFFFFFFFFFFFFFFFFFFFFFFFFFFFFFFFFFFFFFFFFFFFFFFFFFFFFFFFFFFFFFFFFFFFFFFFFFFFFFFFFFFFFFFFFFFFFFFFFFFFFFFFFFFFFFFFFFFFFFFFFFFFFFFFFFFFFFFF010003000000000000000C0000000B0000004E61BC00000000000000000000000000000000000000000000000000000000000000000000000000000000000000DBE6B0E91C81D011AD5100A0C90F5739000002002081AE0E3EF7D801020200001048450000000000000000000000000000000000160200004400610074006100200053006F0075007200630065003D0022007400630070003A003100370032002E00310036002E00370035002E0031005C005C00530051004C0045004400470045002C0020003400390031003700320022003B0049006E0069007400690061006C00200043006100740061006C006F0067003D0043004C0049004E004F005400410047003B005000650072007300690073007400200053006500630075007200690074007900200049006E0066006F003D0054007200750065003B0055007300650072002000490044003D006D006100690073006F006E003B004D0075006C007400690070006C00650041006300740069007600650052006500730075006C00740053006500740073003D00460061006C00730065003B0043006F006E006E006500630074002000540069006D0065006F00750074003D00330030003B0054007200750073007400530065007200760065007200430065007200740069006600690063006100740065003D00460061006C00730065003B005000610063006B00650074002000530069007A0065003D0034003000390036003B004100700070006C00690063006100740069006F006E0020004E0061006D0065003D0022004D006900630072006F0073006F00660074002000530051004C00200053006500720076006500720020004D0061006E006100670065006D0065006E0074002000530074007500640069006F002200000000800500220000004400690061006700720061006D005F0043006C0069006E006F0054006100670000000002260016000000540041004300480045005F004C00490045005500000008000000640062006F000000000226000C00000054004100430048004500000008000000640062006F000000000226001C00000050004100530053004100470045005F0054004100430048004500000008000000640062006F00000000022600100000005000410053005300410047004500000008000000640062006F000000000226000A0000004C00490045005500000008000000640062006F000000000226000E00000043004C00490045004E005400000008000000640062006F000000000224000C0000004100470045004E005400000008000000640062006F00000001000000D68509B3BB6BF2459AB8371664F0327008004E0000007B00310036003300340043004400440037002D0030003800380038002D0034003200450033002D0039004600410032002D004200360044003300320035003600330042003900310044007D00000000000000000000000000000000000000000000000000000000000000000000000000010003000000000000000C0000000B0000000000000000000000000000000000000000000000000000000000000000000000000000000000000000000000000000000000000000000000000000000000000000000000000000000000000000000000000000000000000000000000000000000000000000000000000000000000000000000000000000000000000000000000000000000000000000000000000000000000000000000000000000000000000000000000000000000000000000000000000000000000000000000000000000000000000000000000000000000000000000000000000000000000000000000000000000000000000000000000000000000000000000000000000000000000000000000000000000000000000000000000000000000000000000000000000000000000000000000000000000000000000000000000000000000000000000000000000000000000000000000000000000000000000000000000000000000000000000000000000000000000000000000000000000000000000000000000000000000000000000000000000000000000000000000000000000000000000000000000000000000000000000000000000053006300680065006D00610020005500440056002000440065006600610075006C007400200050006F007300740020005600360000000000000000000000000036000200FFFFFFFFFFFFFFFFFFFFFFFF0000000000000000000000000000000000000000000000000000000000000000000000001100000012000000000000000000000000000000000000000000000000000000000000000000000000000000000000000000000000000000000000000000000000000000000000000000000000000000FFFFFFFFFFFFFFFFFFFFFFFF0000000000000000000000000000000000000000000000000000000000000000000000000000000000000000000000000000000000000000000000000000000000000000000000000000000000000000000000000000000000000000000000000000000000000000000000000000000000000000FFFFFFFFFFFFFFFFFFFFFFFF0000000000000000000000000000000000000000000000000000000000000000000000000000000000000000000000000000000000000000000000000000000000000000000000000000000000000000000000000000000000000000000000000000000000000000000000000000000000000000FFFFFFFFFFFFFFFFFFFFFFFF00000000000000000000000000000000000000000000000000000000000000000000000000000000000000000000000062885214)
GO

SET IDENTITY_INSERT [dbo].[sysdiagrams] OFF
GO


-- ----------------------------
-- Table structure for TACHE
-- ----------------------------
IF EXISTS (SELECT * FROM sys.all_objects WHERE object_id = OBJECT_ID(N'[dbo].[TACHE]') AND type IN ('U'))
	DROP TABLE [dbo].[TACHE]
GO

CREATE TABLE [dbo].[TACHE] (
  [ID_TACHE] int  IDENTITY(1,1) NOT NULL,
  [NOM] nvarchar(50) COLLATE French_CI_AS  NOT NULL,
  [DESCRIPTION] ntext COLLATE French_CI_AS  NULL
)
GO

ALTER TABLE [dbo].[TACHE] SET (LOCK_ESCALATION = TABLE)
GO


-- ----------------------------
-- Records of TACHE
-- ----------------------------
SET IDENTITY_INSERT [dbo].[TACHE] ON
GO

INSERT INTO [dbo].[TACHE] ([ID_TACHE], [NOM], [DESCRIPTION]) VALUES (N'1', N'Dépoussiérage des sols', N'processus de désinfection renforcé indispensable.')
GO

INSERT INTO [dbo].[TACHE] ([ID_TACHE], [NOM], [DESCRIPTION]) VALUES (N'2', N'Décapage et nettoyage des sols', N'Attention aux tâches tenaces')
GO

INSERT INTO [dbo].[TACHE] ([ID_TACHE], [NOM], [DESCRIPTION]) VALUES (N'3', N'Nettoyage des vitres', N'Nettoyage vitrerie intérieure/extérieure avec enlèvement des traces de doigts')
GO

INSERT INTO [dbo].[TACHE] ([ID_TACHE], [NOM], [DESCRIPTION]) VALUES (N'4', N'Nettoyage de la VMC', NULL)
GO

INSERT INTO [dbo].[TACHE] ([ID_TACHE], [NOM], [DESCRIPTION]) VALUES (N'7', N'Piquetage du parking', NULL)
GO

INSERT INTO [dbo].[TACHE] ([ID_TACHE], [NOM], [DESCRIPTION]) VALUES (N'8', N'Décapage des sols carrelés', NULL)
GO

INSERT INTO [dbo].[TACHE] ([ID_TACHE], [NOM], [DESCRIPTION]) VALUES (N'9', N'Désinfections des poubelles', NULL)
GO

INSERT INTO [dbo].[TACHE] ([ID_TACHE], [NOM], [DESCRIPTION]) VALUES (N'10', N'Effaçage des tags', NULL)
GO

INSERT INTO [dbo].[TACHE] ([ID_TACHE], [NOM], [DESCRIPTION]) VALUES (N'11', N'Lustrage de l''ascenseur ', N'Lustrage de l''ascenseur avec le produit spécial inox')
GO

INSERT INTO [dbo].[TACHE] ([ID_TACHE], [NOM], [DESCRIPTION]) VALUES (N'12', N'Décapage et nettoyage des plafonds', NULL)
GO

INSERT INTO [dbo].[TACHE] ([ID_TACHE], [NOM], [DESCRIPTION]) VALUES (N'13', N'Nettoyage garde-corps et rampes', N'Mise à blanc ')
GO

INSERT INTO [dbo].[TACHE] ([ID_TACHE], [NOM], [DESCRIPTION]) VALUES (N'14', N'Décapage et nettoyage de terrasse', N'Utiliser le produit B673')
GO

INSERT INTO [dbo].[TACHE] ([ID_TACHE], [NOM], [DESCRIPTION]) VALUES (N'15', N'Décapage et nettoyage des murs', NULL)
GO

INSERT INTO [dbo].[TACHE] ([ID_TACHE], [NOM], [DESCRIPTION]) VALUES (N'16', N'HEINEKEN$15', NULL)
GO

INSERT INTO [dbo].[TACHE] ([ID_TACHE], [NOM], [DESCRIPTION]) VALUES (N'17', N'VODKA$20', NULL)
GO

INSERT INTO [dbo].[TACHE] ([ID_TACHE], [NOM], [DESCRIPTION]) VALUES (N'18', N'lustrer la tv', N'Lustrer avec chiffon sec (pas de produit)')
GO

SET IDENTITY_INSERT [dbo].[TACHE] OFF
GO


-- ----------------------------
-- Table structure for TACHE_LIEU
-- ----------------------------
IF EXISTS (SELECT * FROM sys.all_objects WHERE object_id = OBJECT_ID(N'[dbo].[TACHE_LIEU]') AND type IN ('U'))
	DROP TABLE [dbo].[TACHE_LIEU]
GO

CREATE TABLE [dbo].[TACHE_LIEU] (
  [ID_TL] int  IDENTITY(1,1) NOT NULL,
  [ID_TACHE] int  NOT NULL,
  [ID_LIEU] int  NOT NULL
)
GO

ALTER TABLE [dbo].[TACHE_LIEU] SET (LOCK_ESCALATION = TABLE)
GO


-- ----------------------------
-- Records of TACHE_LIEU
-- ----------------------------
SET IDENTITY_INSERT [dbo].[TACHE_LIEU] ON
GO

INSERT INTO [dbo].[TACHE_LIEU] ([ID_TL], [ID_TACHE], [ID_LIEU]) VALUES (N'1', N'1', N'1')
GO

INSERT INTO [dbo].[TACHE_LIEU] ([ID_TL], [ID_TACHE], [ID_LIEU]) VALUES (N'2', N'2', N'1')
GO

INSERT INTO [dbo].[TACHE_LIEU] ([ID_TL], [ID_TACHE], [ID_LIEU]) VALUES (N'3', N'3', N'1')
GO

INSERT INTO [dbo].[TACHE_LIEU] ([ID_TL], [ID_TACHE], [ID_LIEU]) VALUES (N'4', N'4', N'1')
GO

INSERT INTO [dbo].[TACHE_LIEU] ([ID_TL], [ID_TACHE], [ID_LIEU]) VALUES (N'24', N'7', N'1')
GO

INSERT INTO [dbo].[TACHE_LIEU] ([ID_TL], [ID_TACHE], [ID_LIEU]) VALUES (N'25', N'8', N'1')
GO

INSERT INTO [dbo].[TACHE_LIEU] ([ID_TL], [ID_TACHE], [ID_LIEU]) VALUES (N'26', N'9', N'1')
GO

INSERT INTO [dbo].[TACHE_LIEU] ([ID_TL], [ID_TACHE], [ID_LIEU]) VALUES (N'173', N'16', N'1')
GO

INSERT INTO [dbo].[TACHE_LIEU] ([ID_TL], [ID_TACHE], [ID_LIEU]) VALUES (N'5', N'1', N'2')
GO

INSERT INTO [dbo].[TACHE_LIEU] ([ID_TL], [ID_TACHE], [ID_LIEU]) VALUES (N'6', N'2', N'2')
GO

INSERT INTO [dbo].[TACHE_LIEU] ([ID_TL], [ID_TACHE], [ID_LIEU]) VALUES (N'7', N'3', N'2')
GO

INSERT INTO [dbo].[TACHE_LIEU] ([ID_TL], [ID_TACHE], [ID_LIEU]) VALUES (N'8', N'4', N'2')
GO

INSERT INTO [dbo].[TACHE_LIEU] ([ID_TL], [ID_TACHE], [ID_LIEU]) VALUES (N'69', N'1', N'3')
GO

INSERT INTO [dbo].[TACHE_LIEU] ([ID_TL], [ID_TACHE], [ID_LIEU]) VALUES (N'68', N'3', N'3')
GO

INSERT INTO [dbo].[TACHE_LIEU] ([ID_TL], [ID_TACHE], [ID_LIEU]) VALUES (N'54', N'9', N'3')
GO

INSERT INTO [dbo].[TACHE_LIEU] ([ID_TL], [ID_TACHE], [ID_LIEU]) VALUES (N'61', N'8', N'4')
GO

INSERT INTO [dbo].[TACHE_LIEU] ([ID_TL], [ID_TACHE], [ID_LIEU]) VALUES (N'63', N'3', N'5')
GO

INSERT INTO [dbo].[TACHE_LIEU] ([ID_TL], [ID_TACHE], [ID_LIEU]) VALUES (N'62', N'4', N'5')
GO

INSERT INTO [dbo].[TACHE_LIEU] ([ID_TL], [ID_TACHE], [ID_LIEU]) VALUES (N'66', N'1', N'6')
GO

INSERT INTO [dbo].[TACHE_LIEU] ([ID_TL], [ID_TACHE], [ID_LIEU]) VALUES (N'65', N'4', N'6')
GO

INSERT INTO [dbo].[TACHE_LIEU] ([ID_TL], [ID_TACHE], [ID_LIEU]) VALUES (N'64', N'9', N'6')
GO

INSERT INTO [dbo].[TACHE_LIEU] ([ID_TL], [ID_TACHE], [ID_LIEU]) VALUES (N'67', N'13', N'7')
GO

INSERT INTO [dbo].[TACHE_LIEU] ([ID_TL], [ID_TACHE], [ID_LIEU]) VALUES (N'71', N'1', N'9')
GO

INSERT INTO [dbo].[TACHE_LIEU] ([ID_TL], [ID_TACHE], [ID_LIEU]) VALUES (N'70', N'4', N'9')
GO

INSERT INTO [dbo].[TACHE_LIEU] ([ID_TL], [ID_TACHE], [ID_LIEU]) VALUES (N'56', N'8', N'9')
GO

INSERT INTO [dbo].[TACHE_LIEU] ([ID_TL], [ID_TACHE], [ID_LIEU]) VALUES (N'9', N'1', N'10')
GO

INSERT INTO [dbo].[TACHE_LIEU] ([ID_TL], [ID_TACHE], [ID_LIEU]) VALUES (N'11', N'2', N'10')
GO

INSERT INTO [dbo].[TACHE_LIEU] ([ID_TL], [ID_TACHE], [ID_LIEU]) VALUES (N'12', N'3', N'10')
GO

INSERT INTO [dbo].[TACHE_LIEU] ([ID_TL], [ID_TACHE], [ID_LIEU]) VALUES (N'13', N'4', N'10')
GO

INSERT INTO [dbo].[TACHE_LIEU] ([ID_TL], [ID_TACHE], [ID_LIEU]) VALUES (N'37', N'11', N'10')
GO

INSERT INTO [dbo].[TACHE_LIEU] ([ID_TL], [ID_TACHE], [ID_LIEU]) VALUES (N'27', N'1', N'11')
GO

INSERT INTO [dbo].[TACHE_LIEU] ([ID_TL], [ID_TACHE], [ID_LIEU]) VALUES (N'28', N'2', N'11')
GO

INSERT INTO [dbo].[TACHE_LIEU] ([ID_TL], [ID_TACHE], [ID_LIEU]) VALUES (N'29', N'3', N'11')
GO

INSERT INTO [dbo].[TACHE_LIEU] ([ID_TL], [ID_TACHE], [ID_LIEU]) VALUES (N'30', N'4', N'11')
GO

INSERT INTO [dbo].[TACHE_LIEU] ([ID_TL], [ID_TACHE], [ID_LIEU]) VALUES (N'14', N'7', N'11')
GO

INSERT INTO [dbo].[TACHE_LIEU] ([ID_TL], [ID_TACHE], [ID_LIEU]) VALUES (N'17', N'8', N'11')
GO

INSERT INTO [dbo].[TACHE_LIEU] ([ID_TL], [ID_TACHE], [ID_LIEU]) VALUES (N'21', N'9', N'11')
GO

INSERT INTO [dbo].[TACHE_LIEU] ([ID_TL], [ID_TACHE], [ID_LIEU]) VALUES (N'60', N'14', N'11')
GO

INSERT INTO [dbo].[TACHE_LIEU] ([ID_TL], [ID_TACHE], [ID_LIEU]) VALUES (N'172', N'18', N'11')
GO

INSERT INTO [dbo].[TACHE_LIEU] ([ID_TL], [ID_TACHE], [ID_LIEU]) VALUES (N'31', N'3', N'12')
GO

INSERT INTO [dbo].[TACHE_LIEU] ([ID_TL], [ID_TACHE], [ID_LIEU]) VALUES (N'32', N'4', N'12')
GO

INSERT INTO [dbo].[TACHE_LIEU] ([ID_TL], [ID_TACHE], [ID_LIEU]) VALUES (N'19', N'8', N'12')
GO

INSERT INTO [dbo].[TACHE_LIEU] ([ID_TL], [ID_TACHE], [ID_LIEU]) VALUES (N'22', N'9', N'12')
GO

INSERT INTO [dbo].[TACHE_LIEU] ([ID_TL], [ID_TACHE], [ID_LIEU]) VALUES (N'15', N'11', N'12')
GO

INSERT INTO [dbo].[TACHE_LIEU] ([ID_TL], [ID_TACHE], [ID_LIEU]) VALUES (N'16', N'7', N'13')
GO

INSERT INTO [dbo].[TACHE_LIEU] ([ID_TL], [ID_TACHE], [ID_LIEU]) VALUES (N'20', N'8', N'13')
GO

INSERT INTO [dbo].[TACHE_LIEU] ([ID_TL], [ID_TACHE], [ID_LIEU]) VALUES (N'23', N'9', N'13')
GO

INSERT INTO [dbo].[TACHE_LIEU] ([ID_TL], [ID_TACHE], [ID_LIEU]) VALUES (N'52', N'7', N'14')
GO

INSERT INTO [dbo].[TACHE_LIEU] ([ID_TL], [ID_TACHE], [ID_LIEU]) VALUES (N'57', N'8', N'14')
GO

INSERT INTO [dbo].[TACHE_LIEU] ([ID_TL], [ID_TACHE], [ID_LIEU]) VALUES (N'51', N'9', N'14')
GO

INSERT INTO [dbo].[TACHE_LIEU] ([ID_TL], [ID_TACHE], [ID_LIEU]) VALUES (N'53', N'12', N'14')
GO

INSERT INTO [dbo].[TACHE_LIEU] ([ID_TL], [ID_TACHE], [ID_LIEU]) VALUES (N'72', N'2', N'16')
GO

INSERT INTO [dbo].[TACHE_LIEU] ([ID_TL], [ID_TACHE], [ID_LIEU]) VALUES (N'73', N'3', N'16')
GO

INSERT INTO [dbo].[TACHE_LIEU] ([ID_TL], [ID_TACHE], [ID_LIEU]) VALUES (N'74', N'9', N'16')
GO

INSERT INTO [dbo].[TACHE_LIEU] ([ID_TL], [ID_TACHE], [ID_LIEU]) VALUES (N'75', N'2', N'17')
GO

INSERT INTO [dbo].[TACHE_LIEU] ([ID_TL], [ID_TACHE], [ID_LIEU]) VALUES (N'76', N'3', N'17')
GO

INSERT INTO [dbo].[TACHE_LIEU] ([ID_TL], [ID_TACHE], [ID_LIEU]) VALUES (N'77', N'9', N'17')
GO

INSERT INTO [dbo].[TACHE_LIEU] ([ID_TL], [ID_TACHE], [ID_LIEU]) VALUES (N'78', N'2', N'18')
GO

INSERT INTO [dbo].[TACHE_LIEU] ([ID_TL], [ID_TACHE], [ID_LIEU]) VALUES (N'80', N'3', N'18')
GO

INSERT INTO [dbo].[TACHE_LIEU] ([ID_TL], [ID_TACHE], [ID_LIEU]) VALUES (N'79', N'9', N'18')
GO

INSERT INTO [dbo].[TACHE_LIEU] ([ID_TL], [ID_TACHE], [ID_LIEU]) VALUES (N'83', N'2', N'19')
GO

INSERT INTO [dbo].[TACHE_LIEU] ([ID_TL], [ID_TACHE], [ID_LIEU]) VALUES (N'81', N'3', N'19')
GO

INSERT INTO [dbo].[TACHE_LIEU] ([ID_TL], [ID_TACHE], [ID_LIEU]) VALUES (N'82', N'9', N'19')
GO

INSERT INTO [dbo].[TACHE_LIEU] ([ID_TL], [ID_TACHE], [ID_LIEU]) VALUES (N'84', N'2', N'20')
GO

INSERT INTO [dbo].[TACHE_LIEU] ([ID_TL], [ID_TACHE], [ID_LIEU]) VALUES (N'86', N'3', N'20')
GO

INSERT INTO [dbo].[TACHE_LIEU] ([ID_TL], [ID_TACHE], [ID_LIEU]) VALUES (N'85', N'9', N'20')
GO

INSERT INTO [dbo].[TACHE_LIEU] ([ID_TL], [ID_TACHE], [ID_LIEU]) VALUES (N'88', N'2', N'21')
GO

INSERT INTO [dbo].[TACHE_LIEU] ([ID_TL], [ID_TACHE], [ID_LIEU]) VALUES (N'87', N'3', N'21')
GO

INSERT INTO [dbo].[TACHE_LIEU] ([ID_TL], [ID_TACHE], [ID_LIEU]) VALUES (N'89', N'9', N'21')
GO

INSERT INTO [dbo].[TACHE_LIEU] ([ID_TL], [ID_TACHE], [ID_LIEU]) VALUES (N'90', N'1', N'22')
GO

INSERT INTO [dbo].[TACHE_LIEU] ([ID_TL], [ID_TACHE], [ID_LIEU]) VALUES (N'91', N'9', N'22')
GO

INSERT INTO [dbo].[TACHE_LIEU] ([ID_TL], [ID_TACHE], [ID_LIEU]) VALUES (N'92', N'12', N'22')
GO

INSERT INTO [dbo].[TACHE_LIEU] ([ID_TL], [ID_TACHE], [ID_LIEU]) VALUES (N'93', N'15', N'22')
GO

INSERT INTO [dbo].[TACHE_LIEU] ([ID_TL], [ID_TACHE], [ID_LIEU]) VALUES (N'95', N'1', N'23')
GO

INSERT INTO [dbo].[TACHE_LIEU] ([ID_TL], [ID_TACHE], [ID_LIEU]) VALUES (N'94', N'4', N'23')
GO

INSERT INTO [dbo].[TACHE_LIEU] ([ID_TL], [ID_TACHE], [ID_LIEU]) VALUES (N'96', N'9', N'23')
GO

INSERT INTO [dbo].[TACHE_LIEU] ([ID_TL], [ID_TACHE], [ID_LIEU]) VALUES (N'98', N'1', N'24')
GO

INSERT INTO [dbo].[TACHE_LIEU] ([ID_TL], [ID_TACHE], [ID_LIEU]) VALUES (N'99', N'3', N'24')
GO

INSERT INTO [dbo].[TACHE_LIEU] ([ID_TL], [ID_TACHE], [ID_LIEU]) VALUES (N'97', N'4', N'24')
GO

INSERT INTO [dbo].[TACHE_LIEU] ([ID_TL], [ID_TACHE], [ID_LIEU]) VALUES (N'101', N'9', N'24')
GO

INSERT INTO [dbo].[TACHE_LIEU] ([ID_TL], [ID_TACHE], [ID_LIEU]) VALUES (N'100', N'13', N'24')
GO

INSERT INTO [dbo].[TACHE_LIEU] ([ID_TL], [ID_TACHE], [ID_LIEU]) VALUES (N'102', N'1', N'25')
GO

INSERT INTO [dbo].[TACHE_LIEU] ([ID_TL], [ID_TACHE], [ID_LIEU]) VALUES (N'104', N'2', N'25')
GO

INSERT INTO [dbo].[TACHE_LIEU] ([ID_TL], [ID_TACHE], [ID_LIEU]) VALUES (N'103', N'3', N'25')
GO

INSERT INTO [dbo].[TACHE_LIEU] ([ID_TL], [ID_TACHE], [ID_LIEU]) VALUES (N'106', N'2', N'26')
GO

INSERT INTO [dbo].[TACHE_LIEU] ([ID_TL], [ID_TACHE], [ID_LIEU]) VALUES (N'107', N'9', N'26')
GO

INSERT INTO [dbo].[TACHE_LIEU] ([ID_TL], [ID_TACHE], [ID_LIEU]) VALUES (N'105', N'12', N'26')
GO

INSERT INTO [dbo].[TACHE_LIEU] ([ID_TL], [ID_TACHE], [ID_LIEU]) VALUES (N'117', N'1', N'27')
GO

INSERT INTO [dbo].[TACHE_LIEU] ([ID_TL], [ID_TACHE], [ID_LIEU]) VALUES (N'118', N'3', N'27')
GO

INSERT INTO [dbo].[TACHE_LIEU] ([ID_TL], [ID_TACHE], [ID_LIEU]) VALUES (N'119', N'8', N'27')
GO

INSERT INTO [dbo].[TACHE_LIEU] ([ID_TL], [ID_TACHE], [ID_LIEU]) VALUES (N'120', N'1', N'28')
GO

INSERT INTO [dbo].[TACHE_LIEU] ([ID_TL], [ID_TACHE], [ID_LIEU]) VALUES (N'122', N'2', N'28')
GO

INSERT INTO [dbo].[TACHE_LIEU] ([ID_TL], [ID_TACHE], [ID_LIEU]) VALUES (N'121', N'3', N'28')
GO

INSERT INTO [dbo].[TACHE_LIEU] ([ID_TL], [ID_TACHE], [ID_LIEU]) VALUES (N'123', N'1', N'29')
GO

INSERT INTO [dbo].[TACHE_LIEU] ([ID_TL], [ID_TACHE], [ID_LIEU]) VALUES (N'124', N'2', N'29')
GO

INSERT INTO [dbo].[TACHE_LIEU] ([ID_TL], [ID_TACHE], [ID_LIEU]) VALUES (N'125', N'3', N'29')
GO

INSERT INTO [dbo].[TACHE_LIEU] ([ID_TL], [ID_TACHE], [ID_LIEU]) VALUES (N'126', N'1', N'30')
GO

INSERT INTO [dbo].[TACHE_LIEU] ([ID_TL], [ID_TACHE], [ID_LIEU]) VALUES (N'127', N'2', N'30')
GO

INSERT INTO [dbo].[TACHE_LIEU] ([ID_TL], [ID_TACHE], [ID_LIEU]) VALUES (N'128', N'3', N'30')
GO

INSERT INTO [dbo].[TACHE_LIEU] ([ID_TL], [ID_TACHE], [ID_LIEU]) VALUES (N'129', N'1', N'31')
GO

INSERT INTO [dbo].[TACHE_LIEU] ([ID_TL], [ID_TACHE], [ID_LIEU]) VALUES (N'130', N'2', N'31')
GO

INSERT INTO [dbo].[TACHE_LIEU] ([ID_TL], [ID_TACHE], [ID_LIEU]) VALUES (N'131', N'3', N'31')
GO

INSERT INTO [dbo].[TACHE_LIEU] ([ID_TL], [ID_TACHE], [ID_LIEU]) VALUES (N'114', N'2', N'32')
GO

INSERT INTO [dbo].[TACHE_LIEU] ([ID_TL], [ID_TACHE], [ID_LIEU]) VALUES (N'115', N'9', N'32')
GO

INSERT INTO [dbo].[TACHE_LIEU] ([ID_TL], [ID_TACHE], [ID_LIEU]) VALUES (N'116', N'8', N'33')
GO

INSERT INTO [dbo].[TACHE_LIEU] ([ID_TL], [ID_TACHE], [ID_LIEU]) VALUES (N'134', N'9', N'33')
GO

INSERT INTO [dbo].[TACHE_LIEU] ([ID_TL], [ID_TACHE], [ID_LIEU]) VALUES (N'132', N'8', N'34')
GO

INSERT INTO [dbo].[TACHE_LIEU] ([ID_TL], [ID_TACHE], [ID_LIEU]) VALUES (N'133', N'9', N'34')
GO

INSERT INTO [dbo].[TACHE_LIEU] ([ID_TL], [ID_TACHE], [ID_LIEU]) VALUES (N'136', N'2', N'35')
GO

INSERT INTO [dbo].[TACHE_LIEU] ([ID_TL], [ID_TACHE], [ID_LIEU]) VALUES (N'135', N'4', N'35')
GO

INSERT INTO [dbo].[TACHE_LIEU] ([ID_TL], [ID_TACHE], [ID_LIEU]) VALUES (N'137', N'9', N'35')
GO

INSERT INTO [dbo].[TACHE_LIEU] ([ID_TL], [ID_TACHE], [ID_LIEU]) VALUES (N'138', N'15', N'35')
GO

INSERT INTO [dbo].[TACHE_LIEU] ([ID_TL], [ID_TACHE], [ID_LIEU]) VALUES (N'139', N'1', N'36')
GO

INSERT INTO [dbo].[TACHE_LIEU] ([ID_TL], [ID_TACHE], [ID_LIEU]) VALUES (N'140', N'2', N'36')
GO

INSERT INTO [dbo].[TACHE_LIEU] ([ID_TL], [ID_TACHE], [ID_LIEU]) VALUES (N'141', N'9', N'36')
GO

INSERT INTO [dbo].[TACHE_LIEU] ([ID_TL], [ID_TACHE], [ID_LIEU]) VALUES (N'142', N'1', N'37')
GO

INSERT INTO [dbo].[TACHE_LIEU] ([ID_TL], [ID_TACHE], [ID_LIEU]) VALUES (N'143', N'9', N'37')
GO

INSERT INTO [dbo].[TACHE_LIEU] ([ID_TL], [ID_TACHE], [ID_LIEU]) VALUES (N'144', N'10', N'37')
GO

INSERT INTO [dbo].[TACHE_LIEU] ([ID_TL], [ID_TACHE], [ID_LIEU]) VALUES (N'145', N'1', N'38')
GO

INSERT INTO [dbo].[TACHE_LIEU] ([ID_TL], [ID_TACHE], [ID_LIEU]) VALUES (N'146', N'10', N'38')
GO

INSERT INTO [dbo].[TACHE_LIEU] ([ID_TL], [ID_TACHE], [ID_LIEU]) VALUES (N'147', N'15', N'38')
GO

INSERT INTO [dbo].[TACHE_LIEU] ([ID_TL], [ID_TACHE], [ID_LIEU]) VALUES (N'148', N'1', N'39')
GO

INSERT INTO [dbo].[TACHE_LIEU] ([ID_TL], [ID_TACHE], [ID_LIEU]) VALUES (N'150', N'9', N'39')
GO

INSERT INTO [dbo].[TACHE_LIEU] ([ID_TL], [ID_TACHE], [ID_LIEU]) VALUES (N'149', N'1', N'40')
GO

INSERT INTO [dbo].[TACHE_LIEU] ([ID_TL], [ID_TACHE], [ID_LIEU]) VALUES (N'151', N'1', N'41')
GO

INSERT INTO [dbo].[TACHE_LIEU] ([ID_TL], [ID_TACHE], [ID_LIEU]) VALUES (N'152', N'2', N'41')
GO

INSERT INTO [dbo].[TACHE_LIEU] ([ID_TL], [ID_TACHE], [ID_LIEU]) VALUES (N'153', N'4', N'41')
GO

INSERT INTO [dbo].[TACHE_LIEU] ([ID_TL], [ID_TACHE], [ID_LIEU]) VALUES (N'155', N'1', N'42')
GO

INSERT INTO [dbo].[TACHE_LIEU] ([ID_TL], [ID_TACHE], [ID_LIEU]) VALUES (N'154', N'2', N'42')
GO

INSERT INTO [dbo].[TACHE_LIEU] ([ID_TL], [ID_TACHE], [ID_LIEU]) VALUES (N'156', N'9', N'42')
GO

INSERT INTO [dbo].[TACHE_LIEU] ([ID_TL], [ID_TACHE], [ID_LIEU]) VALUES (N'112', N'8', N'43')
GO

INSERT INTO [dbo].[TACHE_LIEU] ([ID_TL], [ID_TACHE], [ID_LIEU]) VALUES (N'113', N'15', N'43')
GO

INSERT INTO [dbo].[TACHE_LIEU] ([ID_TL], [ID_TACHE], [ID_LIEU]) VALUES (N'108', N'1', N'44')
GO

INSERT INTO [dbo].[TACHE_LIEU] ([ID_TL], [ID_TACHE], [ID_LIEU]) VALUES (N'109', N'2', N'44')
GO

INSERT INTO [dbo].[TACHE_LIEU] ([ID_TL], [ID_TACHE], [ID_LIEU]) VALUES (N'110', N'1', N'45')
GO

INSERT INTO [dbo].[TACHE_LIEU] ([ID_TL], [ID_TACHE], [ID_LIEU]) VALUES (N'111', N'2', N'45')
GO

INSERT INTO [dbo].[TACHE_LIEU] ([ID_TL], [ID_TACHE], [ID_LIEU]) VALUES (N'158', N'1', N'46')
GO

INSERT INTO [dbo].[TACHE_LIEU] ([ID_TL], [ID_TACHE], [ID_LIEU]) VALUES (N'159', N'3', N'46')
GO

INSERT INTO [dbo].[TACHE_LIEU] ([ID_TL], [ID_TACHE], [ID_LIEU]) VALUES (N'157', N'8', N'46')
GO

INSERT INTO [dbo].[TACHE_LIEU] ([ID_TL], [ID_TACHE], [ID_LIEU]) VALUES (N'160', N'1', N'47')
GO

INSERT INTO [dbo].[TACHE_LIEU] ([ID_TL], [ID_TACHE], [ID_LIEU]) VALUES (N'161', N'2', N'47')
GO

INSERT INTO [dbo].[TACHE_LIEU] ([ID_TL], [ID_TACHE], [ID_LIEU]) VALUES (N'162', N'13', N'47')
GO

INSERT INTO [dbo].[TACHE_LIEU] ([ID_TL], [ID_TACHE], [ID_LIEU]) VALUES (N'163', N'1', N'48')
GO

INSERT INTO [dbo].[TACHE_LIEU] ([ID_TL], [ID_TACHE], [ID_LIEU]) VALUES (N'164', N'2', N'48')
GO

INSERT INTO [dbo].[TACHE_LIEU] ([ID_TL], [ID_TACHE], [ID_LIEU]) VALUES (N'165', N'13', N'48')
GO

INSERT INTO [dbo].[TACHE_LIEU] ([ID_TL], [ID_TACHE], [ID_LIEU]) VALUES (N'166', N'1', N'49')
GO

INSERT INTO [dbo].[TACHE_LIEU] ([ID_TL], [ID_TACHE], [ID_LIEU]) VALUES (N'167', N'2', N'49')
GO

INSERT INTO [dbo].[TACHE_LIEU] ([ID_TL], [ID_TACHE], [ID_LIEU]) VALUES (N'168', N'13', N'49')
GO

INSERT INTO [dbo].[TACHE_LIEU] ([ID_TL], [ID_TACHE], [ID_LIEU]) VALUES (N'169', N'16', N'52')
GO

INSERT INTO [dbo].[TACHE_LIEU] ([ID_TL], [ID_TACHE], [ID_LIEU]) VALUES (N'170', N'17', N'52')
GO

INSERT INTO [dbo].[TACHE_LIEU] ([ID_TL], [ID_TACHE], [ID_LIEU]) VALUES (N'175', N'16', N'53')
GO

INSERT INTO [dbo].[TACHE_LIEU] ([ID_TL], [ID_TACHE], [ID_LIEU]) VALUES (N'174', N'17', N'53')
GO

SET IDENTITY_INSERT [dbo].[TACHE_LIEU] OFF
GO


-- ----------------------------
-- Table structure for UTILISATEUR
-- ----------------------------
IF EXISTS (SELECT * FROM sys.all_objects WHERE object_id = OBJECT_ID(N'[dbo].[UTILISATEUR]') AND type IN ('U'))
	DROP TABLE [dbo].[UTILISATEUR]
GO

CREATE TABLE [dbo].[UTILISATEUR] (
  [ID_UTILISATEUR] int  IDENTITY(1,1) NOT NULL,
  [NOM] nvarchar(50) COLLATE French_CI_AS  NOT NULL,
  [PRENOM] nvarchar(50) COLLATE French_CI_AS  NOT NULL,
  [LOGIN] nvarchar(50) COLLATE French_CI_AS  NOT NULL,
  [EMAIL] nvarchar(100) COLLATE French_CI_AS  NOT NULL,
  [MDP] nvarchar(100) COLLATE French_CI_AS  NOT NULL,
  [ROLE] nvarchar(10) COLLATE French_CI_AS  NOT NULL
)
GO

ALTER TABLE [dbo].[UTILISATEUR] SET (LOCK_ESCALATION = TABLE)
GO


-- ----------------------------
-- procedure structure for sp_upgraddiagrams
-- ----------------------------
IF EXISTS (SELECT * FROM sys.all_objects WHERE object_id = OBJECT_ID(N'[dbo].[sp_upgraddiagrams]') AND type IN ('FN', 'FS', 'FT', 'IF', 'TF'))
	DROP PROCEDURE[dbo].[sp_upgraddiagrams]
GO

CREATE PROCEDURE [dbo].[sp_upgraddiagrams]
	AS
	BEGIN
		IF OBJECT_ID(N'dbo.sysdiagrams') IS NOT NULL
			return 0;
	
		CREATE TABLE dbo.sysdiagrams
		(
			name sysname NOT NULL,
			principal_id int NOT NULL,	-- we may change it to varbinary(85)
			diagram_id int PRIMARY KEY IDENTITY,
			version int,
	
			definition varbinary(max)
			CONSTRAINT UK_principal_name UNIQUE
			(
				principal_id,
				name
			)
		);


		/* Add this if we need to have some form of extended properties for diagrams */
		/*
		IF OBJECT_ID(N'dbo.sysdiagram_properties') IS NULL
		BEGIN
			CREATE TABLE dbo.sysdiagram_properties
			(
				diagram_id int,
				name sysname,
				value varbinary(max) NOT NULL
			)
		END
		*/

		IF OBJECT_ID(N'dbo.dtproperties') IS NOT NULL
		begin
			insert into dbo.sysdiagrams
			(
				[name],
				[principal_id],
				[version],
				[definition]
			)
			select	 
				convert(sysname, dgnm.[uvalue]),
				DATABASE_PRINCIPAL_ID(N'dbo'),			-- will change to the sid of sa
				0,							-- zero for old format, dgdef.[version],
				dgdef.[lvalue]
			from dbo.[dtproperties] dgnm
				inner join dbo.[dtproperties] dggd on dggd.[property] = 'DtgSchemaGUID' and dggd.[objectid] = dgnm.[objectid]	
				inner join dbo.[dtproperties] dgdef on dgdef.[property] = 'DtgSchemaDATA' and dgdef.[objectid] = dgnm.[objectid]
				
			where dgnm.[property] = 'DtgSchemaNAME' and dggd.[uvalue] like N'_EA3E6268-D998-11CE-9454-00AA00A3F36E_' 
			return 2;
		end
		return 1;
	END
GO


-- ----------------------------
-- procedure structure for sp_helpdiagrams
-- ----------------------------
IF EXISTS (SELECT * FROM sys.all_objects WHERE object_id = OBJECT_ID(N'[dbo].[sp_helpdiagrams]') AND type IN ('FN', 'FS', 'FT', 'IF', 'TF'))
	DROP PROCEDURE[dbo].[sp_helpdiagrams]
GO

CREATE PROCEDURE [dbo].[sp_helpdiagrams]
	(
		@diagramname sysname = NULL,
		@owner_id int = NULL
	)
	WITH EXECUTE AS N'dbo'
	AS
	BEGIN
		DECLARE @user sysname
		DECLARE @dboLogin bit
		EXECUTE AS CALLER;
			SET @user = USER_NAME();
			SET @dboLogin = CONVERT(bit,IS_MEMBER('db_owner'));
		REVERT;
		SELECT
			[Database] = DB_NAME(),
			[Name] = name,
			[ID] = diagram_id,
			[Owner] = USER_NAME(principal_id),
			[OwnerID] = principal_id
		FROM
			sysdiagrams
		WHERE
			(@dboLogin = 1 OR USER_NAME(principal_id) = @user) AND
			(@diagramname IS NULL OR name = @diagramname) AND
			(@owner_id IS NULL OR principal_id = @owner_id)
		ORDER BY
			4, 5, 1
	END
GO


-- ----------------------------
-- procedure structure for sp_helpdiagramdefinition
-- ----------------------------
IF EXISTS (SELECT * FROM sys.all_objects WHERE object_id = OBJECT_ID(N'[dbo].[sp_helpdiagramdefinition]') AND type IN ('FN', 'FS', 'FT', 'IF', 'TF'))
	DROP PROCEDURE[dbo].[sp_helpdiagramdefinition]
GO

CREATE PROCEDURE [dbo].[sp_helpdiagramdefinition]
	(
		@diagramname 	sysname,
		@owner_id	int	= null 		
	)
	WITH EXECUTE AS N'dbo'
	AS
	BEGIN
		set nocount on

		declare @theId 		int
		declare @IsDbo 		int
		declare @DiagId		int
		declare @UIDFound	int
	
		if(@diagramname is null)
		begin
			RAISERROR (N'E_INVALIDARG', 16, 1);
			return -1
		end
	
		execute as caller;
		select @theId = DATABASE_PRINCIPAL_ID();
		select @IsDbo = IS_MEMBER(N'db_owner');
		if(@owner_id is null)
			select @owner_id = @theId;
		revert; 
	
		select @DiagId = diagram_id, @UIDFound = principal_id from dbo.sysdiagrams where principal_id = @owner_id and name = @diagramname;
		if(@DiagId IS NULL or (@IsDbo = 0 and @UIDFound <> @theId ))
		begin
			RAISERROR ('Diagram does not exist or you do not have permission.', 16, 1);
			return -3
		end

		select version, definition FROM dbo.sysdiagrams where diagram_id = @DiagId ; 
		return 0
	END
GO


-- ----------------------------
-- procedure structure for sp_creatediagram
-- ----------------------------
IF EXISTS (SELECT * FROM sys.all_objects WHERE object_id = OBJECT_ID(N'[dbo].[sp_creatediagram]') AND type IN ('FN', 'FS', 'FT', 'IF', 'TF'))
	DROP PROCEDURE[dbo].[sp_creatediagram]
GO

CREATE PROCEDURE [dbo].[sp_creatediagram]
	(
		@diagramname 	sysname,
		@owner_id		int	= null, 	
		@version 		int,
		@definition 	varbinary(max)
	)
	WITH EXECUTE AS 'dbo'
	AS
	BEGIN
		set nocount on
	
		declare @theId int
		declare @retval int
		declare @IsDbo	int
		declare @userName sysname
		if(@version is null or @diagramname is null)
		begin
			RAISERROR (N'E_INVALIDARG', 16, 1);
			return -1
		end
	
		execute as caller;
		select @theId = DATABASE_PRINCIPAL_ID(); 
		select @IsDbo = IS_MEMBER(N'db_owner');
		revert; 
		
		if @owner_id is null
		begin
			select @owner_id = @theId;
		end
		else
		begin
			if @theId <> @owner_id
			begin
				if @IsDbo = 0
				begin
					RAISERROR (N'E_INVALIDARG', 16, 1);
					return -1
				end
				select @theId = @owner_id
			end
		end
		-- next 2 line only for test, will be removed after define name unique
		if EXISTS(select diagram_id from dbo.sysdiagrams where principal_id = @theId and name = @diagramname)
		begin
			RAISERROR ('The name is already used.', 16, 1);
			return -2
		end
	
		insert into dbo.sysdiagrams(name, principal_id , version, definition)
				VALUES(@diagramname, @theId, @version, @definition) ;
		
		select @retval = @@IDENTITY 
		return @retval
	END
GO


-- ----------------------------
-- procedure structure for sp_renamediagram
-- ----------------------------
IF EXISTS (SELECT * FROM sys.all_objects WHERE object_id = OBJECT_ID(N'[dbo].[sp_renamediagram]') AND type IN ('FN', 'FS', 'FT', 'IF', 'TF'))
	DROP PROCEDURE[dbo].[sp_renamediagram]
GO

CREATE PROCEDURE [dbo].[sp_renamediagram]
	(
		@diagramname 		sysname,
		@owner_id		int	= null,
		@new_diagramname	sysname
	
	)
	WITH EXECUTE AS 'dbo'
	AS
	BEGIN
		set nocount on
		declare @theId 			int
		declare @IsDbo 			int
		
		declare @UIDFound 		int
		declare @DiagId			int
		declare @DiagIdTarg		int
		declare @u_name			sysname
		if((@diagramname is null) or (@new_diagramname is null))
		begin
			RAISERROR ('Invalid value', 16, 1);
			return -1
		end
	
		EXECUTE AS CALLER;
		select @theId = DATABASE_PRINCIPAL_ID();
		select @IsDbo = IS_MEMBER(N'db_owner'); 
		if(@owner_id is null)
			select @owner_id = @theId;
		REVERT;
	
		select @u_name = USER_NAME(@owner_id)
	
		select @DiagId = diagram_id, @UIDFound = principal_id from dbo.sysdiagrams where principal_id = @owner_id and name = @diagramname 
		if(@DiagId IS NULL or (@IsDbo = 0 and @UIDFound <> @theId))
		begin
			RAISERROR ('Diagram does not exist or you do not have permission.', 16, 1)
			return -3
		end
	
		-- if((@u_name is not null) and (@new_diagramname = @diagramname))	-- nothing will change
		--	return 0;
	
		if(@u_name is null)
			select @DiagIdTarg = diagram_id from dbo.sysdiagrams where principal_id = @theId and name = @new_diagramname
		else
			select @DiagIdTarg = diagram_id from dbo.sysdiagrams where principal_id = @owner_id and name = @new_diagramname
	
		if((@DiagIdTarg is not null) and  @DiagId <> @DiagIdTarg)
		begin
			RAISERROR ('The name is already used.', 16, 1);
			return -2
		end		
	
		if(@u_name is null)
			update dbo.sysdiagrams set [name] = @new_diagramname, principal_id = @theId where diagram_id = @DiagId
		else
			update dbo.sysdiagrams set [name] = @new_diagramname where diagram_id = @DiagId
		return 0
	END
GO


-- ----------------------------
-- procedure structure for sp_alterdiagram
-- ----------------------------
IF EXISTS (SELECT * FROM sys.all_objects WHERE object_id = OBJECT_ID(N'[dbo].[sp_alterdiagram]') AND type IN ('FN', 'FS', 'FT', 'IF', 'TF'))
	DROP PROCEDURE[dbo].[sp_alterdiagram]
GO

CREATE PROCEDURE [dbo].[sp_alterdiagram]
	(
		@diagramname 	sysname,
		@owner_id	int	= null,
		@version 	int,
		@definition 	varbinary(max)
	)
	WITH EXECUTE AS 'dbo'
	AS
	BEGIN
		set nocount on
	
		declare @theId 			int
		declare @retval 		int
		declare @IsDbo 			int
		
		declare @UIDFound 		int
		declare @DiagId			int
		declare @ShouldChangeUID	int
	
		if(@diagramname is null)
		begin
			RAISERROR ('Invalid ARG', 16, 1)
			return -1
		end
	
		execute as caller;
		select @theId = DATABASE_PRINCIPAL_ID();	 
		select @IsDbo = IS_MEMBER(N'db_owner'); 
		if(@owner_id is null)
			select @owner_id = @theId;
		revert;
	
		select @ShouldChangeUID = 0
		select @DiagId = diagram_id, @UIDFound = principal_id from dbo.sysdiagrams where principal_id = @owner_id and name = @diagramname 
		
		if(@DiagId IS NULL or (@IsDbo = 0 and @theId <> @UIDFound))
		begin
			RAISERROR ('Diagram does not exist or you do not have permission.', 16, 1);
			return -3
		end
	
		if(@IsDbo <> 0)
		begin
			if(@UIDFound is null or USER_NAME(@UIDFound) is null) -- invalid principal_id
			begin
				select @ShouldChangeUID = 1 ;
			end
		end

		-- update dds data			
		update dbo.sysdiagrams set definition = @definition where diagram_id = @DiagId ;

		-- change owner
		if(@ShouldChangeUID = 1)
			update dbo.sysdiagrams set principal_id = @theId where diagram_id = @DiagId ;

		-- update dds version
		if(@version is not null)
			update dbo.sysdiagrams set version = @version where diagram_id = @DiagId ;

		return 0
	END
GO


-- ----------------------------
-- procedure structure for sp_dropdiagram
-- ----------------------------
IF EXISTS (SELECT * FROM sys.all_objects WHERE object_id = OBJECT_ID(N'[dbo].[sp_dropdiagram]') AND type IN ('FN', 'FS', 'FT', 'IF', 'TF'))
	DROP PROCEDURE[dbo].[sp_dropdiagram]
GO

CREATE PROCEDURE [dbo].[sp_dropdiagram]
	(
		@diagramname 	sysname,
		@owner_id	int	= null
	)
	WITH EXECUTE AS 'dbo'
	AS
	BEGIN
		set nocount on
		declare @theId 			int
		declare @IsDbo 			int
		
		declare @UIDFound 		int
		declare @DiagId			int
	
		if(@diagramname is null)
		begin
			RAISERROR ('Invalid value', 16, 1);
			return -1
		end
	
		EXECUTE AS CALLER;
		select @theId = DATABASE_PRINCIPAL_ID();
		select @IsDbo = IS_MEMBER(N'db_owner'); 
		if(@owner_id is null)
			select @owner_id = @theId;
		REVERT; 
		
		select @DiagId = diagram_id, @UIDFound = principal_id from dbo.sysdiagrams where principal_id = @owner_id and name = @diagramname 
		if(@DiagId IS NULL or (@IsDbo = 0 and @UIDFound <> @theId))
		begin
			RAISERROR ('Diagram does not exist or you do not have permission.', 16, 1)
			return -3
		end
	
		delete from dbo.sysdiagrams where diagram_id = @DiagId;
	
		return 0;
	END
GO


-- ----------------------------
-- function structure for fn_diagramobjects
-- ----------------------------
IF EXISTS (SELECT * FROM sys.all_objects WHERE object_id = OBJECT_ID(N'[dbo].[fn_diagramobjects]') AND type IN ('FN', 'FS', 'FT', 'IF', 'TF'))
	DROP FUNCTION[dbo].[fn_diagramobjects]
GO

CREATE FUNCTION [dbo].[fn_diagramobjects]() 
	RETURNS int
	WITH EXECUTE AS N'dbo'
	AS
	BEGIN
		declare @id_upgraddiagrams		int
		declare @id_sysdiagrams			int
		declare @id_helpdiagrams		int
		declare @id_helpdiagramdefinition	int
		declare @id_creatediagram	int
		declare @id_renamediagram	int
		declare @id_alterdiagram 	int 
		declare @id_dropdiagram		int
		declare @InstalledObjects	int

		select @InstalledObjects = 0

		select 	@id_upgraddiagrams = object_id(N'dbo.sp_upgraddiagrams'),
			@id_sysdiagrams = object_id(N'dbo.sysdiagrams'),
			@id_helpdiagrams = object_id(N'dbo.sp_helpdiagrams'),
			@id_helpdiagramdefinition = object_id(N'dbo.sp_helpdiagramdefinition'),
			@id_creatediagram = object_id(N'dbo.sp_creatediagram'),
			@id_renamediagram = object_id(N'dbo.sp_renamediagram'),
			@id_alterdiagram = object_id(N'dbo.sp_alterdiagram'), 
			@id_dropdiagram = object_id(N'dbo.sp_dropdiagram')

		if @id_upgraddiagrams is not null
			select @InstalledObjects = @InstalledObjects + 1
		if @id_sysdiagrams is not null
			select @InstalledObjects = @InstalledObjects + 2
		if @id_helpdiagrams is not null
			select @InstalledObjects = @InstalledObjects + 4
		if @id_helpdiagramdefinition is not null
			select @InstalledObjects = @InstalledObjects + 8
		if @id_creatediagram is not null
			select @InstalledObjects = @InstalledObjects + 16
		if @id_renamediagram is not null
			select @InstalledObjects = @InstalledObjects + 32
		if @id_alterdiagram  is not null
			select @InstalledObjects = @InstalledObjects + 64
		if @id_dropdiagram is not null
			select @InstalledObjects = @InstalledObjects + 128
		
		return @InstalledObjects 
	END
GO


-- ----------------------------
-- Auto increment value for AGENT
-- ----------------------------
DBCC CHECKIDENT ('[dbo].[AGENT]', RESEED, 5)
GO


-- ----------------------------
-- Indexes structure for table AGENT
-- ----------------------------
CREATE UNIQUE NONCLUSTERED INDEX [AgentCodeUnique]
ON [dbo].[AGENT] (
  [CODE] ASC
)
GO


-- ----------------------------
-- Primary Key structure for table AGENT
-- ----------------------------
ALTER TABLE [dbo].[AGENT] ADD CONSTRAINT [PK_AGENT] PRIMARY KEY CLUSTERED ([ID_AGENT])
WITH (PAD_INDEX = OFF, STATISTICS_NORECOMPUTE = OFF, IGNORE_DUP_KEY = OFF, ALLOW_ROW_LOCKS = ON, ALLOW_PAGE_LOCKS = ON)  
ON [PRIMARY]
GO


-- ----------------------------
-- Auto increment value for CLIENT
-- ----------------------------
DBCC CHECKIDENT ('[dbo].[CLIENT]', RESEED, 9)
GO


-- ----------------------------
-- Primary Key structure for table CLIENT
-- ----------------------------
ALTER TABLE [dbo].[CLIENT] ADD CONSTRAINT [PK_CLIENT] PRIMARY KEY CLUSTERED ([ID_CLIENT])
WITH (PAD_INDEX = OFF, STATISTICS_NORECOMPUTE = OFF, IGNORE_DUP_KEY = OFF, ALLOW_ROW_LOCKS = ON, ALLOW_PAGE_LOCKS = ON)  
ON [PRIMARY]
GO


-- ----------------------------
-- Auto increment value for LIEU
-- ----------------------------
DBCC CHECKIDENT ('[dbo].[LIEU]', RESEED, 53)
GO


-- ----------------------------
-- Primary Key structure for table LIEU
-- ----------------------------
ALTER TABLE [dbo].[LIEU] ADD CONSTRAINT [PK_LIEU] PRIMARY KEY CLUSTERED ([ID_LIEU])
WITH (PAD_INDEX = OFF, STATISTICS_NORECOMPUTE = OFF, IGNORE_DUP_KEY = OFF, ALLOW_ROW_LOCKS = ON, ALLOW_PAGE_LOCKS = ON)  
ON [PRIMARY]
GO


-- ----------------------------
-- Auto increment value for PASSAGE
-- ----------------------------
DBCC CHECKIDENT ('[dbo].[PASSAGE]', RESEED, 72)
GO


-- ----------------------------
-- Primary Key structure for table PASSAGE
-- ----------------------------
ALTER TABLE [dbo].[PASSAGE] ADD CONSTRAINT [PK_PASSAGE] PRIMARY KEY CLUSTERED ([ID_PASSAGE])
WITH (PAD_INDEX = OFF, STATISTICS_NORECOMPUTE = OFF, IGNORE_DUP_KEY = OFF, ALLOW_ROW_LOCKS = ON, ALLOW_PAGE_LOCKS = ON)  
ON [PRIMARY]
GO


-- ----------------------------
-- Auto increment value for PASSAGE_TACHE
-- ----------------------------
DBCC CHECKIDENT ('[dbo].[PASSAGE_TACHE]', RESEED, 262)
GO


-- ----------------------------
-- Primary Key structure for table PASSAGE_TACHE
-- ----------------------------
ALTER TABLE [dbo].[PASSAGE_TACHE] ADD CONSTRAINT [PK_PASSAGE_TACHE] PRIMARY KEY CLUSTERED ([ID_PT])
WITH (PAD_INDEX = OFF, STATISTICS_NORECOMPUTE = OFF, IGNORE_DUP_KEY = OFF, ALLOW_ROW_LOCKS = ON, ALLOW_PAGE_LOCKS = ON)  
ON [PRIMARY]
GO


-- ----------------------------
-- Primary Key structure for table ROLE
-- ----------------------------
ALTER TABLE [dbo].[ROLE] ADD CONSTRAINT [PK_ROLE] PRIMARY KEY CLUSTERED ([ROLE])
WITH (PAD_INDEX = OFF, STATISTICS_NORECOMPUTE = OFF, IGNORE_DUP_KEY = OFF, ALLOW_ROW_LOCKS = ON, ALLOW_PAGE_LOCKS = ON)  
ON [PRIMARY]
GO


-- ----------------------------
-- Auto increment value for sysdiagrams
-- ----------------------------
DBCC CHECKIDENT ('[dbo].[sysdiagrams]', RESEED, 1)
GO


-- ----------------------------
-- Uniques structure for table sysdiagrams
-- ----------------------------
ALTER TABLE [dbo].[sysdiagrams] ADD CONSTRAINT [UK_principal_name] UNIQUE NONCLUSTERED ([principal_id] ASC, [name] ASC)
WITH (PAD_INDEX = OFF, STATISTICS_NORECOMPUTE = OFF, IGNORE_DUP_KEY = OFF, ALLOW_ROW_LOCKS = ON, ALLOW_PAGE_LOCKS = ON)  
ON [PRIMARY]
GO


-- ----------------------------
-- Primary Key structure for table sysdiagrams
-- ----------------------------
ALTER TABLE [dbo].[sysdiagrams] ADD CONSTRAINT [PK__sysdiagr__C2B05B6129572725] PRIMARY KEY CLUSTERED ([diagram_id])
WITH (PAD_INDEX = OFF, STATISTICS_NORECOMPUTE = OFF, IGNORE_DUP_KEY = OFF, ALLOW_ROW_LOCKS = ON, ALLOW_PAGE_LOCKS = ON)  
ON [PRIMARY]
GO


-- ----------------------------
-- Auto increment value for TACHE
-- ----------------------------
DBCC CHECKIDENT ('[dbo].[TACHE]', RESEED, 18)
GO


-- ----------------------------
-- Primary Key structure for table TACHE
-- ----------------------------
ALTER TABLE [dbo].[TACHE] ADD CONSTRAINT [PK_TACHE] PRIMARY KEY CLUSTERED ([ID_TACHE])
WITH (PAD_INDEX = OFF, STATISTICS_NORECOMPUTE = OFF, IGNORE_DUP_KEY = OFF, ALLOW_ROW_LOCKS = ON, ALLOW_PAGE_LOCKS = ON)  
ON [PRIMARY]
GO


-- ----------------------------
-- Auto increment value for TACHE_LIEU
-- ----------------------------
DBCC CHECKIDENT ('[dbo].[TACHE_LIEU]', RESEED, 175)
GO


-- ----------------------------
-- Indexes structure for table TACHE_LIEU
-- ----------------------------
CREATE UNIQUE NONCLUSTERED INDEX [IX_TACHE_LIEU]
ON [dbo].[TACHE_LIEU] (
  [ID_LIEU] ASC,
  [ID_TACHE] ASC
)
GO


-- ----------------------------
-- Primary Key structure for table TACHE_LIEU
-- ----------------------------
ALTER TABLE [dbo].[TACHE_LIEU] ADD CONSTRAINT [PK_TACHE_LIEU] PRIMARY KEY CLUSTERED ([ID_TL])
WITH (PAD_INDEX = OFF, STATISTICS_NORECOMPUTE = OFF, IGNORE_DUP_KEY = OFF, ALLOW_ROW_LOCKS = ON, ALLOW_PAGE_LOCKS = ON)  
ON [PRIMARY]
GO


-- ----------------------------
-- Auto increment value for UTILISATEUR
-- ----------------------------
DBCC CHECKIDENT ('[dbo].[UTILISATEUR]', RESEED, 3)
GO


-- ----------------------------
-- Primary Key structure for table UTILISATEUR
-- ----------------------------
ALTER TABLE [dbo].[UTILISATEUR] ADD CONSTRAINT [PK_UTILISATEUR] PRIMARY KEY CLUSTERED ([ID_UTILISATEUR])
WITH (PAD_INDEX = OFF, STATISTICS_NORECOMPUTE = OFF, IGNORE_DUP_KEY = OFF, ALLOW_ROW_LOCKS = ON, ALLOW_PAGE_LOCKS = ON)  
ON [PRIMARY]
GO


-- ----------------------------
-- Foreign Keys structure for table LIEU
-- ----------------------------
ALTER TABLE [dbo].[LIEU] ADD CONSTRAINT [FK_LIEU_CLIENT] FOREIGN KEY ([ID_CLIENT]) REFERENCES [dbo].[CLIENT] ([ID_CLIENT]) ON DELETE NO ACTION ON UPDATE NO ACTION
GO


-- ----------------------------
-- Foreign Keys structure for table PASSAGE
-- ----------------------------
ALTER TABLE [dbo].[PASSAGE] ADD CONSTRAINT [FK_PASSAGE_LIEU] FOREIGN KEY ([ID_LIEU]) REFERENCES [dbo].[LIEU] ([ID_LIEU]) ON DELETE NO ACTION ON UPDATE NO ACTION
GO

ALTER TABLE [dbo].[PASSAGE] ADD CONSTRAINT [FK_PASSAGE_PASSAGE] FOREIGN KEY ([ID_AGENT]) REFERENCES [dbo].[AGENT] ([ID_AGENT]) ON DELETE NO ACTION ON UPDATE NO ACTION
GO


-- ----------------------------
-- Foreign Keys structure for table PASSAGE_TACHE
-- ----------------------------
ALTER TABLE [dbo].[PASSAGE_TACHE] ADD CONSTRAINT [FK_PASSAGE_TACHE_PASSAGE] FOREIGN KEY ([ID_PASSAGE]) REFERENCES [dbo].[PASSAGE] ([ID_PASSAGE]) ON DELETE NO ACTION ON UPDATE NO ACTION
GO

ALTER TABLE [dbo].[PASSAGE_TACHE] ADD CONSTRAINT [FK_PASSAGE_TACHE_TACHE_LIEU] FOREIGN KEY ([ID_TL]) REFERENCES [dbo].[TACHE_LIEU] ([ID_TL]) ON DELETE NO ACTION ON UPDATE NO ACTION
GO


-- ----------------------------
-- Foreign Keys structure for table TACHE_LIEU
-- ----------------------------
ALTER TABLE [dbo].[TACHE_LIEU] ADD CONSTRAINT [FK_TACHE_LIEU_TACHE] FOREIGN KEY ([ID_TACHE]) REFERENCES [dbo].[TACHE] ([ID_TACHE]) ON DELETE NO ACTION ON UPDATE NO ACTION
GO

ALTER TABLE [dbo].[TACHE_LIEU] ADD CONSTRAINT [FK_TACHE_LIEU_LIEU] FOREIGN KEY ([ID_LIEU]) REFERENCES [dbo].[LIEU] ([ID_LIEU]) ON DELETE NO ACTION ON UPDATE NO ACTION
GO


-- ----------------------------
-- Foreign Keys structure for table UTILISATEUR
-- ----------------------------
ALTER TABLE [dbo].[UTILISATEUR] ADD CONSTRAINT [FK_UTILISATEUR_ROLE] FOREIGN KEY ([ROLE]) REFERENCES [dbo].[ROLE] ([ROLE]) ON DELETE NO ACTION ON UPDATE NO ACTION
GO

